AttemptedThrowTD,BodyKicksAbsorbed,BodyLockDefends,BodyLockTakedownAttempts,BodyLockTakedownFail,BodyLockTakedownSuccess,BulldogAttempt,BulldogLoss,BulldogWin,CalfSlicerAttempts,CalfSlicerLosses,CalfSlicerWins,ClinchStrikeHiMake,ClinchStrikeHiMiss,ClinchStrikeLoMake,ClinchStrikeLoMiss,CrossesAbsorbed,DoubleLegDefends,DoubleLegTakedownAttempts,DoubleLegTakedownFail,DoubleLegTakedownSuccess,EzekielAttempt,EzekielLoss,EzekielWin,FailedThrowTD,FighterGrade,FighterMomentum,FightsTracked,GogoplataAttempts,GogoplataLosses,GogoplataWins,GroundStrikeHiMake,GroundStrikeHiMiss,GroundStrikeLoMake,GroundStrikeLoMiss,HeadKicksAbsorbed,HooksAbsorbed,JabsAbsorbed,KneebarAttempt,KneebarLoss,KneebarWin,LeftBodyKickMake,LeftBodyKickMiss,LeftElbowMake,LeftElbowMiss,LeftHighKickMake,LeftHighKickMiss,LeftHookHiMake,LeftHookHiMiss,LeftHookLoMake,LeftHookLoMiss,LeftJabHiMake,LeftJabHiMiss,LeftJabLoMake,LeftJabLoMiss,LeftLegKickMake,LeftLegKickMiss,LeftOverhandMake,LeftOverhandMiss,LeftSpinBackFistMake,LeftSpinBackFistMiss,LeftStraightHiMake,LeftStraightHiMiss,LeftStraightLoMake,LeftStraightLoMiss,LeftUppercutHiMake,LeftUppercutHiMiss,LeftUppercutLoMake,LeftUppercutLoMiss,LegKicksAbsorbed,LeglockAttempt,LeglockLoss,LeglockWin,LossesInThe4thRd,LossesInThe5thRd,LossesInTitleFights,MinutesTracked,NeckCrankAttempt,NumberOfKnockDowns,NumberOfStuns,OmoplataAttempt,OmoplataAttempts,OmoplataLoss,OmoplataLosses,OmoplataWin,OmoplataWins,OtherSubAttempt,OtherSubLoss,OtherSubWin,OverhandsAbsorbed,RightBodyKickMake,RightBodyKickMiss,RightElbowMake,RightElbowMiss,RightHighKickMake,RightHighKickMiss,RightHookHiMake,RightHookHiMiss,RightHookLoMake,RightHookLoMiss,RightJabHiMake,RightJabHiMiss,RightJabLoMake,RightJabLoMiss,RightLegKickMake,RightLegKickMiss,RightOverhandMake,RightOverhandMiss,RightSpinBackFistMake,RightSpinBackFistMiss,RightStraightHiMake,RightStraightHiMiss,RightStraightLoMake,RightStraightLoMiss,RightUppercutHiMake,RightUppercutHiMiss,RightUppercutLoMake,RightUppercutLoMiss,RoundsTracked,SUBRNCAttempt,SUBRNCLoss,SUBRNCWin,SingleLegDefends,SingleLegTakedownAttempts,SingleLegTakedownFail,SingleLegTakedownSuccess,StraightsAbsorbed,SubArmTriangleAttempt,SubArmTriangleLoss,SubArmTriangleWin,SubAttempts,SubDarceAttempt,SubDarceLoss,SubDarceWin,SubGuillotineAttempt,SubGuillotineLoss,SubGuillotineWin,SubHeelHookAttempt,SubHeelHookLoss,SubHeelHookWin,SubKimuraAttempt,SubKimuraLoss,SubKimuraWin,SubNeckCrankAttempt,SubNeckCrankWin,SubStraightArmLockAttempt,SubStraightArmLockLoss,SubStraightArmLockWin,SubSulovStretchAttempt,SubSulovStretchLoss,SubSulovStretchWin,SubTriangleArmbarAttempt,SubTriangleArmbarLoss,SubTriangleArmbarWin,SubTriangleAttempt,SubTriangleLoss,SubTriangleWin,SubmissionDefenseGrade,SubmissionGrade,SuccessfulThrowTD,ThrowDefends,TimesBodyLocked,TimesDoubleLegged,TimesKnockedDown,TimesSingleLegged,TimesStunned,TimesThrown,TimesTripped,TotalBodyKicksMade,TotalBodyKicksMissed,TotalBodyKicksThrown,TotalClinchStrikesMade,TotalClinchStrikesMissed,TotalClinchStrikesThrown,TotalElbowsMade,TotalElbowsMissed,TotalElbowsThrown,TotalGroundStrikesMade,TotalGroundStrikesMissed,TotalGroundStrikesThrown,TotalHighKicksMade,TotalHighKicksMissed,TotalHighKicksThrown,TotalHooksMade,TotalHooksMissed,TotalHooksThrown,TotalJabsMade,TotalJabsMissed,TotalJabsThrown,TotalKicksLanded,TotalKicksThrown,TotalLegKicksMade,TotalLegKicksMissed,TotalLegKicksThrown,TotalOverhandsMade,TotalOverhandsMissed,TotalOverhandsThrown,TotalPunchesLanded,TotalPunchesThrown,TotalSpinBackFistsMade,TotalSpinBackFistsMissed,TotalSpinBackFistsThrown,TotalStraightsMade,TotalStraightsMissed,TotalStraightsThrown,TotalStrikesLanded,TotalUppercutsMade,TotalUppercutsMissed,TotalUppercutsThrown,TripDefends,TripTakedownAttempts,TripTakedownFail,TripTakedownSuccess,TwisterAttempts,TwisterLosses,TwisterWins,UppercutsAbsorbed,VonFlueAttempt,VonFlueLoss,VonFlueWin,WinsInThe4thRd,WinsInThe5thRd,WinsInTitleFights,_id
0,2,0,0,0,0,0,0,0,0,0,0,2,1,0,0,0,3,0,0,0,0,0,0,0,73,0,1,0,0,0,10,6,0,0,0,3,7,0,0,0,0,0,0,0,0,0,1,14,0,0,6,18,1,1,1,1,0,1,0,0,1,3,0,0,0,0,0,0,3,0,0,0,0,0,0,15,0,0,0,0,0,0,0,0,0,0,0,0,5,0,0,0,0,0,2,1,5,0,1,2,1,0,0,1,0,0,0,0,0,0,1,0,0,0,0,0,0,3,0,0,0,0,0,0,0,3,0,0,0,0,0,0,0,0,0,0,0,0,0,0,0,0,0,0,0,0,0,0,0,0,0,0,0,0,0,0,0,0,0,0,1,4,0,3,0,0,2,0,0,0,2,1,3,0,0,0,10,6,16,0,2,2,2,20,22,9,20,29,2,5,2,1,3,0,1,1,24,76,0,0,0,1,4,5,27,0,0,0,0,0,0,0,0,0,0,0,0,0,0,0,0,0,639903f5840f88a6d67fc324
0,3,0,0,0,0,0,0,0,0,0,0,4,0,5,1,0,0,1,1,0,0,0,0,0,86,0,1,0,0,0,20,7,2,0,0,23,9,0,0,0,2,2,0,1,0,1,14,11,0,2,24,38,3,0,1,0,0,0,0,0,7,6,0,0,0,0,0,0,1,0,0,0,0,0,0,25,0,3,10,0,0,0,0,0,0,0,0,0,0,8,4,3,0,0,0,5,6,3,0,1,6,1,3,5,0,0,0,1,1,10,6,0,0,22,9,0,0,5,0,0,0,4,2,2,0,3,0,0,0,0,0,0,0,0,0,0,0,0,0,0,0,0,0,0,0,0,0,0,0,0,0,0,0,0,0,0,0,0,0,0,1,0,0,0,0,0,0,10,6,16,9,1,10,3,1,4,22,7,29,0,1,1,22,19,41,29,47,76,16,23,6,0,6,0,0,0,121,216,1,1,2,17,12,29,149,22,9,31,0,1,0,1,0,0,0,0,0,0,0,0,0,0,639903ed551b1e825782bf64
0,7,0,5,0,5,0,0,0,0,0,0,3,1,0,0,0,1,12,4,8,0,0,0,0,81,15,6,0,0,0,245,38,115,7,1,21,18,0,0,0,9,9,6,0,1,4,7,12,1,0,11,14,0,0,5,1,2,3,0,0,13,5,0,1,0,1,1,0,17,0,0,0,0,0,0,73,0,2,2,0,0,0,0,0,0,0,0,1,6,10,8,25,0,0,11,6,14,1,0,13,24,1,0,2,1,7,2,0,0,2,2,1,0,2,1,0,0,15,0,0,0,1,15,9,6,16,0,1,0,11,0,0,0,0,0,0,0,0,0,0,0,0,0,0,0,0,0,0,0,0,0,0,0,0,0,0,0,0,0,0,1,2,2,3,0,0,0,19,17,36,3,1,4,31,0,31,360,45,405,1,15,16,15,26,41,25,38,63,27,61,7,2,9,9,5,14,429,549,0,0,0,16,8,24,496,3,2,5,0,3,0,3,0,0,1,4,0,0,0,0,0,0,639904e95a60b24bed8b69cc
0,3,0,0,0,0,0,0,0,0,0,0,0,0,0,0,0,0,0,0,0,0,0,0,0,78,0,2,0,0,0,3,0,7,0,0,11,6,0,0,0,0,1,1,0,0,0,3,3,0,1,6,15,1,1,0,0,0,0,0,0,0,1,0,0,0,1,1,0,9,0,0,0,0,0,0,17,0,1,0,0,0,0,0,0,0,0,0,0,2,1,2,0,0,1,1,0,6,4,0,0,2,0,0,13,3,0,3,0,0,3,6,0,0,0,0,0,0,4,0,0,0,0,0,0,0,6,0,0,0,0,0,0,0,0,0,0,0,0,0,0,0,0,0,0,0,0,0,0,0,0,0,0,0,0,0,0,0,0,0,0,3,2,1,0,1,0,0,1,3,4,0,0,0,1,0,1,10,0,10,1,1,2,7,10,17,7,18,25,15,22,13,3,16,0,3,3,28,67,0,0,0,3,7,10,47,1,1,2,0,0,0,0,0,0,0,1,0,0,0,0,0,0,639906514b05b00cf9207864
0,14,0,1,0,1,0,0,0,0,0,0,14,3,1,0,0,0,4,1,3,0,0,0,0,86,20,5,0,0,0,33,14,4,1,5,15,14,0,0,0,0,0,0,0,0,0,20,15,11,6,13,29,5,10,2,1,0,0,0,0,0,0,0,0,0,1,0,0,7,0,0,0,0,0,0,43,0,3,1,0,0,0,0,0,0,0,0,0,2,0,1,0,0,0,0,11,19,4,1,0,0,0,1,5,0,9,14,0,0,3,9,0,0,3,6,0,0,9,2,0,0,10,5,3,2,10,1,0,1,6,0,0,0,3,0,0,0,0,0,0,0,0,0,0,0,0,0,0,0,0,0,0,0,0,0,0,0,0,0,0,0,0,1,1,0,1,0,0,1,1,15,3,18,0,0,0,37,15,52,0,0,0,46,41,87,18,40,58,7,9,7,1,8,9,14,23,122,247,0,0,0,3,9,12,141,3,7,10,0,0,0,0,0,0,0,1,0,0,0,0,0,0,6399067bde3d7378545b0038
0,46,0,8,2,6,0,0,0,0,0,0,12,11,3,0,0,5,8,4,4,0,0,0,0,83,17,13,0,0,0,322,193,67,25,3,99,100,0,0,0,2,0,0,0,0,1,46,102,7,1,40,113,1,0,0,0,0,1,0,0,0,1,0,0,0,4,2,0,25,0,0,0,0,3,1,162,0,4,9,0,0,0,0,0,0,2,0,0,2,7,3,0,0,1,9,35,65,7,3,0,0,0,0,9,1,11,20,0,0,31,56,6,8,13,12,0,0,35,4,1,3,10,40,31,9,57,4,0,1,15,0,0,0,6,0,0,0,0,0,0,0,0,0,0,0,0,0,0,0,0,0,0,0,0,0,0,0,0,0,0,1,5,7,4,15,0,3,9,3,12,15,11,26,0,0,0,389,218,607,1,10,11,95,171,266,40,113,153,19,33,9,1,10,11,21,32,358,811,0,0,0,37,65,102,633,15,16,31,0,0,0,0,0,0,0,37,0,0,0,0,2,1,6399066a9176130a0f3312cb
0,1,1,0,0,0,0,0,0,0,0,0,3,0,2,1,0,1,0,0,0,0,0,0,0,73,0,4,0,0,0,20,11,5,0,5,21,2,0,0,0,0,0,0,0,0,1,7,13,0,0,3,39,0,0,2,2,0,3,0,0,0,1,0,0,0,0,0,0,3,0,0,0,0,0,0,22,0,0,1,0,0,0,0,0,0,0,0,0,2,7,7,2,1,1,3,4,21,0,1,1,2,0,0,3,2,0,6,1,1,6,14,1,1,0,0,0,0,5,0,2,0,7,1,0,1,11,0,0,0,1,0,0,0,0,0,0,0,0,0,0,0,0,0,0,0,0,0,0,0,0,0,0,0,0,0,0,0,0,0,0,1,0,1,0,2,0,0,7,7,14,5,1,6,2,1,3,25,11,36,1,4,5,11,35,46,4,41,45,13,28,5,4,9,0,9,9,28,131,1,1,2,7,16,23,80,0,0,0,0,0,0,0,0,0,0,1,0,0,0,0,0,0,6399068376595b46523bd6cd
0,1,0,0,0,0,0,0,0,0,0,0,0,0,0,0,0,0,4,2,2,0,0,0,0,79,5,1,0,0,0,34,16,3,0,1,12,7,0,0,0,0,0,2,0,0,0,0,3,0,0,6,35,0,0,0,1,0,0,0,0,0,0,0,0,0,0,0,0,8,0,0,0,0,0,0,15,0,0,0,0,0,0,0,0,0,1,0,0,0,3,1,1,0,1,3,4,6,0,0,1,0,0,0,1,1,0,3,0,1,0,2,1,0,0,0,0,0,3,1,0,1,0,5,3,2,3,0,0,0,2,0,0,0,0,0,0,0,0,0,0,0,0,0,0,0,0,0,0,0,0,0,0,0,0,0,0,0,0,0,0,0,0,0,0,0,0,0,3,1,4,0,0,0,3,0,3,37,16,53,1,3,4,4,9,13,7,35,42,5,11,1,2,3,0,3,3,49,114,0,1,1,1,2,3,66,0,0,0,0,1,1,0,0,0,0,3,0,0,0,0,0,0,63990673383656eb4c8d642e
0,12,0,0,0,0,0,0,0,0,0,0,18,0,1,0,0,1,0,0,0,0,0,0,0,86,0,1,0,0,0,20,4,6,2,2,23,32,0,0,0,5,3,0,0,6,9,3,4,0,0,23,30,4,0,12,8,1,0,0,0,7,9,4,1,1,0,0,0,8,0,0,0,0,0,1,25,0,0,0,0,0,0,0,0,0,0,0,0,1,1,0,1,0,0,1,3,7,0,0,0,3,0,0,9,5,0,2,0,0,5,4,1,0,0,0,1,0,5,0,0,0,0,0,0,0,17,0,0,0,0,0,0,0,0,0,0,0,0,0,0,0,0,0,0,0,0,0,0,0,0,0,0,0,0,0,0,0,0,0,0,0,2,0,0,0,0,0,6,3,9,19,0,19,1,0,1,26,6,32,6,10,16,6,11,17,27,33,60,33,59,21,13,34,1,2,3,98,164,0,0,0,17,14,31,133,2,0,2,0,0,0,0,0,0,0,3,0,0,0,0,0,0,6399068bb344242b312d9a65
0,8,0,0,0,0,0,0,0,0,0,0,0,0,1,0,0,0,0,0,0,0,0,0,0,78,0,1,0,0,0,2,2,1,2,5,15,9,0,0,0,6,11,0,0,1,7,3,10,0,1,10,17,0,0,1,0,0,0,0,0,0,0,0,0,0,0,0,0,8,0,0,0,0,0,0,15,0,1,0,0,0,0,0,0,0,0,0,0,1,7,3,0,0,0,0,10,13,0,0,0,0,0,0,5,0,2,3,0,0,1,2,0,0,0,0,0,0,3,0,0,0,2,0,0,0,25,0,0,0,0,0,0,0,0,0,0,0,0,0,0,0,0,0,0,0,0,0,0,0,0,0,0,0,0,0,0,0,0,0,0,0,0,0,0,1,0,0,13,14,27,1,0,1,0,0,0,3,4,7,1,7,8,13,24,37,10,17,27,20,41,6,0,6,2,3,5,30,80,0,0,0,1,2,3,59,0,0,0,0,0,0,0,0,0,0,0,0,0,0,0,0,0,639904e2e671588e217555e9
0,33,0,10,3,7,0,0,0,0,0,0,32,9,33,12,0,0,17,11,6,0,0,0,0,85,5,5,0,0,0,123,39,57,4,2,87,140,0,0,0,34,9,9,5,6,29,96,100,2,4,5,29,0,0,22,7,9,31,1,0,100,106,1,9,15,6,1,0,31,0,0,0,0,2,2,120,4,0,4,0,0,0,0,0,0,0,0,0,4,16,7,1,4,6,6,48,102,2,0,168,422,3,2,20,6,2,5,0,1,5,29,0,0,18,36,2,0,25,2,0,0,1,21,17,4,57,0,0,0,7,0,0,0,0,0,0,0,0,0,0,0,0,0,0,0,0,0,0,0,0,0,0,0,0,0,0,0,0,0,0,0,1,4,2,5,0,0,50,16,66,65,21,86,10,9,19,180,43,223,12,35,47,148,206,354,176,453,629,104,168,42,13,55,11,36,47,555,1457,1,1,2,106,144,250,897,36,42,78,0,1,0,1,0,0,0,33,0,0,0,0,2,0,6399051230387a9a5e480d3f
0,2,0,4,0,4,0,0,0,0,0,0,1,0,1,0,0,0,2,0,2,0,0,0,0,88,17,5,0,0,0,31,2,14,0,0,34,14,0,0,0,8,3,5,0,3,1,12,5,1,0,30,22,0,0,1,0,1,0,0,1,0,0,0,0,3,1,1,0,16,0,0,0,0,0,1,28,0,3,4,0,0,0,0,0,0,1,0,0,11,18,5,14,1,4,9,13,6,0,0,3,1,0,0,12,3,2,6,1,0,24,13,1,1,9,0,0,0,8,1,0,1,0,1,0,1,26,0,1,0,6,0,0,0,1,0,0,0,0,0,0,0,0,0,0,0,0,0,0,0,0,0,0,0,2,0,0,0,0,0,0,2,0,3,0,3,0,1,26,8,34,2,0,2,19,1,20,45,2,47,7,10,17,26,11,37,33,23,56,46,67,13,3,16,3,6,9,103,159,1,1,2,25,14,39,240,13,1,14,0,1,0,1,0,0,0,6,0,0,0,0,0,2,639904f38b03f79f63553010
0,6,0,0,0,0,0,0,0,0,0,0,1,0,0,0,0,3,0,0,0,0,0,0,0,80,10,2,0,0,0,5,3,0,0,1,23,24,0,0,0,3,3,0,0,3,9,12,13,0,1,0,1,0,0,1,0,0,2,0,0,47,65,0,1,0,0,0,0,19,0,0,0,0,0,0,30,0,2,0,0,0,0,0,0,0,0,0,0,0,0,0,0,0,0,1,9,22,0,0,26,85,0,2,5,0,0,3,0,0,1,1,0,0,1,1,0,1,6,0,0,0,6,0,0,0,17,0,0,0,0,0,0,0,0,0,0,0,0,0,0,0,0,0,0,0,0,0,0,0,0,0,0,0,0,0,0,0,0,0,0,0,1,0,1,0,0,0,3,3,6,1,0,1,0,0,0,5,3,8,3,10,13,21,36,57,26,88,114,12,25,6,0,6,0,5,5,97,291,0,0,0,48,67,115,117,1,2,3,0,0,0,0,0,0,0,5,0,0,0,0,0,0,6399065d641fd0819d9418d1
0,1,0,0,0,0,0,0,0,0,0,0,1,0,0,0,0,0,0,0,0,0,0,0,0,72,0,1,0,0,0,1,0,3,0,0,0,1,0,0,0,4,0,0,0,1,0,0,2,0,0,1,1,0,0,0,0,0,0,0,0,0,1,0,0,0,0,0,0,0,0,0,0,0,0,0,15,0,0,0,0,0,0,0,0,0,0,0,0,0,0,0,0,0,0,3,0,0,0,0,0,1,0,0,4,0,0,0,0,0,0,0,0,0,0,0,0,0,3,0,0,0,0,0,0,0,0,0,0,0,1,0,0,0,0,0,0,0,0,0,0,0,0,0,0,0,0,0,0,0,0,0,0,0,0,0,0,0,0,0,0,1,2,0,1,0,0,0,4,0,4,1,0,1,0,0,0,4,0,4,1,3,4,0,2,2,1,2,3,9,12,4,0,4,0,0,0,6,11,0,0,0,0,1,1,15,0,0,0,0,0,0,0,0,0,0,0,0,0,0,0,0,0,639904fae62aa2f55579d1eb
0,5,0,0,0,0,0,0,0,0,0,0,0,0,0,0,0,0,0,0,0,0,0,0,0,68,0,1,0,0,0,0,0,0,0,2,6,7,0,0,0,0,0,0,0,0,0,1,8,0,1,0,6,0,0,0,0,0,0,0,0,0,1,0,0,0,0,0,0,4,0,0,0,0,0,0,15,0,1,0,0,0,0,0,0,0,0,0,0,0,0,0,0,0,0,0,0,13,0,1,0,1,0,1,0,0,0,0,0,0,0,1,0,1,0,1,0,0,3,0,0,0,0,1,1,0,3,0,0,0,0,0,0,0,0,0,0,0,0,0,0,0,0,0,0,0,0,0,0,0,0,0,0,0,0,0,0,0,0,0,0,1,0,1,0,0,0,0,0,0,0,0,0,0,0,0,0,0,0,0,0,0,0,1,23,24,0,8,8,0,0,0,0,0,0,0,0,1,36,0,0,0,0,3,3,4,0,1,1,0,1,0,1,0,0,0,0,0,0,0,0,0,0,63990522216fbb7c0a250f13
0,1,0,0,0,0,0,0,0,0,0,0,0,0,0,0,0,1,0,0,0,0,0,0,0,71,0,1,0,0,0,1,2,0,0,1,6,5,0,0,0,0,1,1,0,0,0,3,4,0,0,4,14,0,0,1,0,0,0,0,0,0,0,0,0,0,0,0,0,1,0,0,0,0,0,0,15,0,0,0,0,0,0,0,0,0,0,0,0,0,0,0,0,0,0,1,0,4,0,0,0,0,0,0,1,1,0,3,0,1,2,4,1,0,1,4,1,2,3,0,0,0,0,1,1,0,1,0,0,0,2,0,0,0,2,0,0,0,0,0,0,0,0,0,0,0,0,0,0,0,0,0,0,0,0,0,0,0,0,0,0,1,1,0,0,0,0,0,0,1,1,0,0,0,1,0,1,1,2,3,0,1,1,3,8,11,4,14,18,2,5,2,1,3,0,3,3,13,50,0,1,1,3,4,7,18,2,6,8,0,0,0,0,0,0,0,0,0,0,0,0,0,0,6399050a6e72c4556a8960ce
0,1,0,1,0,1,0,0,0,0,0,0,1,0,4,0,0,0,3,1,2,0,0,0,0,82,5,1,0,0,0,88,11,20,1,0,3,15,0,0,0,0,0,2,0,0,0,1,3,1,0,0,1,0,0,1,1,2,2,0,0,1,6,0,0,2,1,1,0,4,0,0,0,0,0,0,15,0,0,0,0,0,0,0,0,0,0,0,0,0,0,1,3,0,0,2,1,2,0,0,1,13,1,0,0,2,0,0,0,0,0,0,0,0,0,0,0,0,3,0,0,1,0,0,0,0,10,0,0,0,0,0,0,0,0,0,0,0,0,0,0,0,0,0,0,0,0,0,0,0,0,0,0,0,0,0,0,0,0,0,0,0,0,0,0,0,0,0,0,1,1,5,0,5,5,0,5,108,12,120,0,2,2,3,5,8,2,14,16,1,7,1,3,4,2,2,4,124,164,0,0,0,1,6,7,132,3,1,4,0,0,0,0,0,0,0,0,0,0,0,0,0,0,639906053a73453fa4a5a235
0,0,0,1,0,1,0,0,0,0,0,0,4,0,0,0,0,0,0,0,0,0,0,0,0,79,5,2,0,0,0,16,2,3,0,0,3,10,0,0,0,0,0,0,0,0,0,3,7,1,0,6,11,0,1,2,1,0,0,0,0,0,0,0,0,0,0,0,0,2,0,0,0,0,0,0,12,0,2,3,0,0,0,0,0,0,0,0,0,1,1,1,0,0,0,0,2,3,2,0,1,0,0,0,1,0,3,0,0,0,0,1,0,0,3,1,0,0,3,0,0,0,0,1,1,0,2,0,0,0,0,0,0,0,0,0,0,0,0,0,0,0,0,0,0,0,0,0,0,0,0,0,0,0,0,0,0,0,0,0,0,0,0,1,0,0,0,0,1,1,2,4,0,4,0,0,0,19,2,21,0,0,0,8,10,18,7,12,19,4,6,3,1,4,3,0,3,25,49,0,0,0,0,1,1,49,3,1,4,0,0,0,0,0,0,0,0,0,0,0,0,0,0,639905194b6c9852d4eb118f
0,18,0,0,0,0,0,0,0,0,0,0,0,2,0,0,0,0,3,0,3,0,0,0,0,82,20,4,0,0,0,64,40,2,0,2,24,28,0,0,0,14,8,1,0,6,7,12,22,1,0,9,35,0,1,20,18,1,6,1,2,5,7,0,0,0,0,0,0,12,1,0,0,0,0,0,42,1,2,1,0,0,0,0,0,0,0,0,0,3,1,1,1,0,0,0,6,20,1,0,6,3,0,0,16,14,2,5,0,1,25,32,1,1,0,0,0,0,9,2,0,0,0,8,6,2,5,0,0,0,5,0,0,0,1,0,0,0,0,0,0,0,0,0,1,0,0,0,0,0,0,0,0,0,0,0,0,0,0,0,0,0,0,1,0,0,0,0,15,9,24,0,2,2,2,0,2,66,40,106,6,7,13,20,42,62,15,39,54,57,105,36,32,68,3,11,14,78,216,1,3,4,31,40,71,210,0,0,0,0,1,0,1,0,0,0,2,0,0,0,0,0,0,639906469c4ebe9850a17318
0,0,0,0,0,0,0,0,0,0,0,0,0,0,0,0,0,0,0,0,0,0,0,0,0,83,0,1,0,0,0,11,2,2,1,0,0,0,0,0,0,1,0,0,0,0,0,2,2,0,0,12,9,0,0,0,1,0,0,0,0,0,1,0,0,0,2,0,0,0,0,0,0,0,0,0,15,0,0,1,0,0,0,0,0,0,0,0,0,0,0,0,0,0,0,0,0,3,0,0,0,0,0,0,0,1,0,0,0,0,3,6,0,0,1,1,0,0,3,0,0,0,0,0,0,0,0,0,0,0,0,0,0,0,0,0,0,0,0,0,0,0,0,0,0,0,0,0,0,0,0,0,0,0,0,0,0,0,0,0,0,0,0,0,3,0,0,0,1,0,1,0,0,0,0,0,0,13,3,16,0,0,0,2,5,7,12,9,21,1,3,0,2,2,0,0,0,31,58,0,0,0,3,7,10,33,1,3,4,0,0,0,0,0,0,0,0,0,0,0,0,0,0,639906b016540227e70792ae
0,49,0,0,0,0,0,0,0,0,0,0,47,6,52,6,0,9,3,1,2,0,0,0,0,86,12,9,0,0,0,88,19,61,11,13,24,64,0,0,0,34,11,0,0,13,18,55,67,8,6,89,131,18,9,42,14,2,0,1,1,11,7,0,1,7,11,6,3,78,0,0,0,0,0,2,145,0,3,5,0,0,0,0,0,0,0,0,0,7,5,3,5,0,1,3,22,18,1,5,3,9,0,0,62,20,8,4,0,0,45,40,0,1,10,10,2,1,29,0,1,0,8,1,1,0,40,0,0,0,1,0,0,0,0,0,0,0,0,0,0,0,0,0,0,0,0,0,0,0,0,0,0,0,0,0,0,0,0,0,0,0,2,0,3,2,0,1,39,14,53,99,12,111,5,0,5,149,30,179,14,21,35,86,96,182,114,147,261,157,226,104,34,138,10,4,14,537,899,1,1,2,56,49,105,666,25,25,50,0,0,0,0,0,0,0,4,0,0,0,0,0,2,639906a5c11cff8dfa6e3fe0
0,8,0,1,1,0,0,0,0,0,0,0,1,1,0,0,0,0,0,0,0,0,0,0,0,73,0,3,0,0,0,13,22,6,1,4,21,13,0,0,0,2,3,1,2,1,0,10,24,0,0,24,107,0,0,4,0,1,0,0,0,1,0,0,0,0,0,0,0,33,0,0,0,0,2,0,46,0,0,0,0,0,0,0,0,0,0,0,0,2,14,12,2,1,0,3,13,19,1,0,0,0,0,0,10,4,2,3,0,1,18,20,1,0,1,3,1,0,10,0,0,0,2,2,2,0,12,0,0,0,1,0,0,0,0,0,0,0,0,0,0,0,0,0,0,0,0,0,0,0,0,0,0,0,0,0,0,0,0,0,0,0,1,3,0,5,0,0,16,15,31,1,1,2,3,3,6,19,23,42,1,3,4,24,43,67,24,107,131,31,53,14,4,18,3,3,6,74,247,0,1,1,20,20,40,132,2,3,5,0,1,0,1,0,0,0,12,0,0,0,0,0,0,6399040687467d550722dd75
0,17,1,0,0,0,0,0,0,0,0,0,4,5,3,3,0,0,3,3,0,0,0,0,0,78,10,5,0,0,0,70,39,28,5,0,19,22,0,0,0,8,10,0,0,4,3,10,20,0,0,25,120,4,0,15,12,0,1,0,0,1,0,0,0,0,3,0,0,49,0,0,0,0,0,0,60,0,2,1,0,0,0,0,0,0,0,0,0,1,0,10,0,0,0,2,11,23,0,0,1,0,0,1,26,10,1,3,0,0,6,39,1,1,4,5,0,0,13,0,0,0,2,6,3,3,9,0,0,0,1,0,0,0,1,0,0,0,0,0,0,0,0,0,0,0,0,0,0,0,0,0,0,0,0,0,0,0,0,0,0,0,0,0,0,1,0,0,8,20,28,7,8,15,0,0,0,98,44,142,4,5,9,21,43,64,30,121,151,53,100,41,22,63,1,4,5,112,338,0,0,0,8,40,48,250,4,8,12,0,3,2,1,0,0,0,6,0,0,0,0,0,0,639903b210671ce8e62cc8db
0,6,0,1,0,1,0,0,0,0,0,0,4,0,1,0,0,1,3,1,2,0,0,0,0,69,0,1,0,0,0,21,4,8,0,0,6,9,0,0,0,0,0,0,0,0,1,1,7,0,0,0,13,0,1,1,0,1,0,0,0,0,0,0,0,1,0,0,0,2,0,0,0,0,0,0,15,0,0,0,0,0,0,0,0,0,0,0,0,4,1,1,0,0,0,1,2,8,0,0,2,3,1,0,1,0,3,5,0,0,10,9,0,1,0,0,2,0,3,0,0,0,2,4,1,3,5,0,0,0,1,0,0,0,0,0,0,0,0,0,0,0,0,0,0,0,0,0,0,0,0,0,0,0,0,0,0,0,0,0,0,0,0,1,0,1,0,0,1,1,2,5,0,5,0,0,0,29,4,33,0,2,2,3,15,18,3,17,20,3,6,2,0,2,4,5,9,57,108,0,0,0,10,10,20,68,3,0,3,0,0,0,0,0,0,0,2,0,0,0,0,0,0,639904da161ed2233d84e318
0,1,0,1,0,1,0,0,0,0,0,0,0,0,0,0,0,0,0,0,0,0,0,0,0,64,0,1,0,0,0,2,3,0,0,0,7,0,0,0,0,3,0,0,0,0,1,1,5,0,0,0,0,0,0,3,0,0,0,0,0,2,9,0,0,0,0,0,0,1,0,0,0,0,0,0,15,0,0,0,0,0,0,0,0,0,0,0,0,0,0,0,0,0,0,0,0,7,0,0,0,10,0,0,0,0,0,0,0,0,0,0,0,0,0,0,0,0,3,1,0,0,1,0,0,0,1,0,0,0,3,0,0,0,1,0,0,0,0,0,0,0,0,0,0,0,0,0,0,0,0,0,0,0,0,0,0,0,0,0,0,2,0,0,0,0,0,0,3,0,3,0,0,0,0,0,0,2,3,5,0,1,1,1,12,13,0,10,10,6,7,3,0,3,0,0,0,5,39,0,0,0,2,9,11,21,0,0,0,0,1,0,1,0,0,0,0,0,0,0,0,0,0,639905ea4c59f9cf98454073
0,0,0,0,0,0,0,0,0,0,0,0,1,0,0,0,0,1,0,0,0,0,0,0,0,68,0,1,0,0,0,2,1,0,0,0,11,7,0,0,0,0,0,0,0,0,3,9,17,0,0,6,7,0,0,1,1,0,0,0,0,0,0,0,0,0,0,0,0,20,0,0,0,0,0,0,15,0,0,0,0,0,0,0,0,0,0,0,0,0,0,0,0,0,0,4,0,8,0,0,0,0,0,0,10,3,1,6,0,0,3,15,1,1,0,2,0,0,3,0,0,0,4,1,0,1,3,0,0,0,0,0,0,0,0,0,0,0,0,0,0,0,0,0,0,0,0,0,0,0,0,0,0,0,0,0,0,0,0,0,0,0,1,0,1,0,0,0,0,0,0,1,0,1,0,0,0,2,1,3,0,7,7,9,25,34,6,7,13,11,22,11,4,15,1,6,7,23,80,0,0,0,4,16,20,38,0,2,2,1,0,0,0,0,0,0,0,0,0,0,0,0,0,639905f35f341241314b82cb
0,20,0,2,0,2,0,0,0,0,0,0,4,0,6,0,0,4,0,0,0,0,0,0,0,73,0,5,0,0,0,16,12,5,1,0,41,45,0,0,0,4,1,15,3,3,9,16,16,0,0,1,1,0,0,17,1,3,4,0,0,50,22,3,1,11,3,2,0,49,0,0,0,0,0,0,77,0,2,3,0,0,0,0,0,0,0,1,0,22,5,1,5,0,0,1,11,8,0,0,69,150,4,0,15,1,0,0,0,0,1,0,0,0,6,3,0,0,16,0,1,0,9,2,0,2,34,0,0,0,1,0,0,0,1,0,0,0,0,0,0,0,0,0,0,0,0,0,0,0,0,0,0,0,0,0,0,0,0,0,0,2,8,2,3,2,0,1,9,2,11,10,0,10,20,3,23,21,13,34,3,10,13,27,24,51,74,151,225,44,58,32,2,34,3,4,7,197,408,0,0,0,54,23,77,291,19,6,25,1,0,0,0,0,0,0,16,0,0,0,0,0,0,639905fcb6333082fe1eab7d
0,2,0,0,0,0,0,0,0,0,0,0,3,0,0,0,0,1,0,0,0,0,0,0,0,89,12,1,0,0,0,43,23,3,1,0,20,5,0,0,0,1,0,2,2,0,0,10,10,3,0,14,34,0,1,0,0,0,0,0,1,8,5,1,0,0,0,0,0,1,0,0,0,0,0,0,24,0,1,1,0,0,0,0,0,0,0,0,0,1,1,0,1,1,0,2,5,8,1,0,1,25,0,0,2,0,0,0,0,0,3,4,0,0,3,5,0,0,5,1,0,1,7,0,0,0,8,1,0,0,2,0,0,0,0,0,0,0,0,0,0,0,0,0,0,0,0,0,0,0,0,0,0,0,0,0,0,0,0,0,0,1,1,1,3,1,0,0,2,0,2,3,0,3,3,3,6,46,24,70,0,2,2,19,18,37,15,60,75,4,6,2,0,2,0,0,0,52,145,0,1,1,12,9,21,117,3,5,8,0,0,0,0,0,0,0,0,0,0,0,0,2,1,639906cf1e343d431531b7bc
0,18,0,5,0,5,0,0,0,0,0,0,21,28,17,14,0,4,5,2,3,0,0,0,0,75,10,8,0,0,0,195,127,33,18,4,30,28,0,0,0,1,1,0,0,0,5,37,74,6,3,52,85,0,1,9,0,0,3,0,0,1,0,0,0,0,0,0,0,38,0,0,0,0,0,0,110,0,0,2,0,0,0,0,0,0,0,0,0,1,5,8,0,0,2,5,24,49,22,12,0,0,0,1,43,11,0,12,0,0,12,24,6,13,5,3,0,1,22,0,1,0,5,8,7,1,16,0,0,0,4,0,0,0,3,0,0,0,0,0,1,0,0,0,0,0,0,0,0,0,0,0,0,0,0,0,0,0,0,0,0,1,2,1,4,0,0,6,6,9,15,38,42,80,0,0,0,228,145,373,2,10,12,89,138,227,52,87,139,60,90,52,11,63,0,15,15,427,891,0,0,0,19,37,56,508,5,4,9,1,1,1,0,0,0,0,7,0,0,0,0,0,0,639906b8c76f4beac1c58e33
0,0,1,3,1,2,0,0,0,0,0,0,4,3,1,0,0,1,0,0,0,0,0,0,0,77,0,3,0,0,0,0,0,0,0,0,4,36,0,0,0,0,0,0,0,0,1,6,19,0,1,5,25,2,5,6,3,0,1,0,0,0,0,0,0,0,0,0,0,7,0,0,0,0,0,0,23,0,1,1,0,0,0,0,0,0,0,0,0,0,2,1,0,0,0,0,0,6,0,0,0,0,0,0,5,7,1,3,0,0,3,13,0,0,0,4,0,0,5,0,2,0,2,1,1,0,5,0,0,0,0,0,0,0,0,0,0,0,0,0,0,0,0,0,0,0,0,0,0,0,0,0,0,0,0,0,0,0,0,0,0,4,0,0,0,1,0,1,2,1,3,5,3,8,0,0,0,0,0,0,0,1,1,6,26,32,7,30,37,13,25,11,10,21,1,4,5,22,102,0,0,0,3,13,16,36,0,4,4,0,0,0,0,0,0,0,1,0,0,0,0,0,0,639906c5114af88c1aa676ce
0,1,0,0,0,0,0,0,0,0,0,0,1,0,6,0,0,0,3,1,2,0,0,0,0,76,0,1,0,0,0,0,0,0,0,0,6,11,0,0,0,2,1,3,0,0,0,1,7,0,1,0,1,0,0,10,3,1,4,0,0,4,2,1,0,1,1,3,1,20,0,0,0,0,0,0,15,0,0,0,0,0,0,0,0,0,0,0,0,2,0,0,2,0,0,0,1,6,1,0,9,43,0,2,4,0,1,2,0,0,0,0,0,0,1,0,3,0,3,0,0,0,0,0,0,0,11,0,0,0,0,0,0,0,0,0,0,0,0,0,0,0,0,0,0,0,0,0,0,0,0,0,0,0,0,0,0,0,0,0,0,2,0,0,1,0,0,0,2,1,3,7,0,7,5,0,5,0,0,0,0,0,0,3,14,17,9,46,55,16,20,14,3,17,2,6,8,34,104,0,0,0,5,2,7,73,8,2,10,0,1,1,0,0,0,0,0,0,0,0,0,0,0,639906eeb3624024773d2f12
0,1,0,0,0,0,0,0,0,0,0,0,0,0,0,0,0,0,1,1,0,0,0,0,0,67,0,1,0,0,0,0,0,0,0,0,35,21,0,0,0,1,1,0,0,0,1,0,1,0,0,2,36,0,0,1,0,0,0,0,0,0,0,0,0,0,0,0,0,7,0,0,0,0,0,0,15,0,0,0,0,0,0,0,0,0,0,0,0,0,4,4,1,1,0,3,0,3,0,0,0,0,0,0,2,2,0,1,1,0,3,6,0,0,0,0,0,0,3,0,0,0,0,1,0,1,3,0,0,0,0,0,0,0,0,0,0,0,0,0,0,0,0,0,0,0,0,0,0,0,0,0,0,0,0,0,0,0,0,0,0,0,0,0,0,0,0,0,5,5,10,0,0,0,1,1,2,0,0,0,0,4,4,0,4,4,2,36,38,8,19,3,2,5,0,1,1,5,52,1,0,1,3,6,9,20,0,0,0,0,0,0,0,0,0,0,1,0,0,0,0,0,0,63990700df0bfe090b1f5ed0
0,41,1,4,1,3,0,0,0,0,0,0,14,3,15,8,0,4,4,3,1,0,0,0,0,92,12,11,0,0,0,160,83,30,10,2,35,23,0,0,0,48,25,1,0,12,13,25,47,1,1,11,30,1,1,14,3,3,3,0,0,32,28,8,2,0,3,0,0,76,0,0,0,0,0,1,157,0,6,2,0,0,0,0,0,0,0,0,0,4,4,4,1,0,1,3,49,109,1,1,41,74,3,5,29,12,0,4,0,0,3,10,0,0,9,12,1,0,30,0,0,0,7,9,7,2,23,0,0,0,0,0,0,0,0,0,0,0,0,0,0,0,0,0,0,0,0,0,0,0,0,0,0,0,0,1,0,0,0,0,0,0,1,2,1,2,0,2,52,29,81,29,11,40,2,0,2,190,93,283,13,16,29,76,158,234,56,110,166,108,168,43,15,58,3,7,10,382,775,0,0,0,43,40,83,605,10,15,25,0,2,0,2,0,0,0,5,0,0,0,0,0,1,6399071a961bc0fe216266e0
0,34,0,0,0,0,0,0,0,0,0,0,1,2,0,0,0,0,3,2,1,0,0,0,0,73,0,4,0,0,0,0,0,0,0,2,38,43,0,0,0,1,0,0,0,0,1,29,64,1,1,87,258,6,7,1,0,2,8,0,0,0,3,0,0,1,0,0,0,61,0,0,0,0,0,0,50,0,0,0,0,0,0,0,0,0,0,0,0,7,2,0,0,0,1,6,10,40,0,2,0,1,0,0,39,8,3,16,0,1,27,74,1,4,0,0,0,0,10,0,0,0,0,5,4,1,42,0,0,0,0,0,0,0,0,0,0,0,0,0,0,0,0,0,0,0,0,0,0,0,0,0,0,0,0,0,0,0,0,0,0,0,0,1,0,2,0,0,3,0,3,1,2,3,0,0,0,0,0,0,1,7,8,40,107,147,93,266,359,44,59,40,8,48,5,24,29,168,648,0,1,1,28,81,109,213,1,0,1,0,0,0,0,0,0,0,1,0,0,0,0,0,0,639907d91e4fc8052fc27c87
0,9,3,0,0,0,0,0,0,0,0,0,18,7,1,2,0,4,1,0,1,0,0,0,0,81,0,4,0,0,0,36,27,1,0,1,51,51,0,0,0,10,3,3,1,0,3,17,28,1,0,22,55,1,2,13,5,1,2,0,0,7,4,0,0,0,1,1,0,2,0,0,0,0,0,2,66,0,1,1,0,0,0,0,0,0,0,0,0,4,24,8,3,1,0,7,11,30,0,1,3,13,0,0,31,12,7,12,0,1,9,15,2,0,0,0,0,0,14,0,0,0,15,2,1,1,22,0,0,0,0,0,0,0,0,0,0,0,0,0,0,0,0,0,0,0,0,0,0,0,0,0,0,0,0,0,0,0,0,0,1,5,4,2,3,3,1,0,34,11,45,19,9,28,6,2,8,37,27,64,0,10,10,29,59,88,26,70,96,78,116,44,17,61,8,14,22,107,281,0,1,1,18,19,37,257,1,1,2,0,0,0,0,0,0,0,6,0,0,0,0,0,0,639906e5b54ac01ff082cb77
0,2,0,0,0,0,0,0,0,0,0,0,0,0,0,0,0,0,0,0,0,0,0,0,0,77,5,1,0,0,0,0,0,0,0,0,9,25,0,0,0,9,6,0,0,0,0,11,25,0,4,12,28,1,4,4,3,0,2,0,0,2,1,0,0,1,0,0,0,11,0,0,0,0,0,0,15,0,0,1,0,0,0,0,0,0,0,0,0,3,7,0,0,0,1,0,1,12,1,1,1,1,0,0,7,2,4,9,0,0,6,10,0,1,0,1,0,0,3,0,0,0,1,0,0,0,3,0,0,0,0,0,0,0,0,0,0,0,0,0,0,0,0,0,0,0,0,0,0,0,0,0,0,0,0,0,0,0,0,0,0,0,0,0,1,0,0,0,16,6,22,0,0,0,0,0,0,0,0,0,1,0,1,13,42,55,14,33,47,28,39,11,5,16,4,11,15,40,139,0,0,0,8,12,20,72,1,1,2,0,0,0,0,0,0,0,1,0,0,0,0,0,0,63990760283a03698dd70dd5
0,1,0,0,0,0,0,0,0,0,0,0,0,0,0,0,0,2,0,0,0,0,0,0,0,81,0,1,0,0,0,0,0,0,0,0,22,56,0,0,0,10,8,0,0,0,3,4,11,0,0,13,63,0,1,10,3,0,0,0,0,0,0,0,0,0,0,0,0,10,0,0,0,0,0,0,15,0,0,1,0,0,0,0,0,0,0,0,0,2,5,1,0,0,0,1,6,20,0,1,0,0,0,0,27,6,3,11,0,0,4,11,3,2,0,4,0,0,3,0,0,0,0,0,0,0,12,0,0,0,0,0,0,0,0,0,0,0,0,0,0,0,0,0,0,0,0,0,0,0,0,0,0,0,0,0,0,0,0,0,0,0,0,0,0,0,0,0,15,9,24,0,0,0,0,0,0,0,0,0,0,4,4,10,32,42,13,64,77,52,74,37,9,46,3,11,14,33,157,0,0,0,7,13,20,85,0,4,4,0,0,0,0,0,0,0,0,0,0,0,0,0,0,639907693f5c7c55beeb74b2
0,10,0,0,0,0,0,0,0,0,0,0,20,13,4,6,0,2,1,1,0,0,0,0,0,82,5,2,0,0,0,0,0,1,0,1,28,29,0,0,0,1,1,0,0,0,1,7,28,3,1,8,33,0,0,7,5,0,3,0,0,0,5,0,1,2,3,0,0,10,0,0,0,0,0,0,30,0,0,0,0,0,0,0,0,0,0,0,0,1,1,2,1,0,0,10,3,32,0,1,0,9,0,0,22,8,0,7,0,0,3,14,0,0,0,0,0,0,6,0,0,0,2,2,2,0,10,0,0,0,0,0,0,0,0,0,0,0,0,0,0,0,0,0,0,0,0,0,0,0,0,0,0,0,0,0,0,0,0,0,0,0,0,1,2,1,0,1,2,3,5,24,19,43,1,0,1,1,0,1,0,11,11,13,62,75,8,42,50,31,58,29,13,42,0,10,10,50,198,0,0,0,3,20,23,93,2,3,5,2,0,0,0,0,0,0,3,0,0,0,0,0,0,639907f12850d6d54a0c1eea
0,0,0,0,0,0,0,0,0,0,0,0,3,1,0,0,0,1,0,0,0,0,0,0,0,82,0,1,0,0,0,10,4,0,1,0,11,2,1,0,0,3,0,0,0,1,2,3,8,0,0,2,5,0,0,0,0,0,0,0,0,0,0,0,0,0,0,0,0,0,0,0,0,0,0,0,15,0,0,0,0,0,0,0,0,0,0,0,0,1,0,0,0,0,0,0,2,0,0,0,0,5,0,0,3,0,0,1,0,1,0,1,0,0,0,0,0,0,3,0,0,0,2,3,3,0,0,0,0,0,2,0,0,0,1,0,0,0,0,0,0,0,0,0,0,0,0,0,0,0,0,0,0,0,0,0,0,0,0,0,0,1,2,0,2,1,0,0,3,0,3,3,1,4,0,0,0,10,5,15,1,2,3,5,8,13,2,10,12,7,9,3,0,3,0,1,1,20,46,0,1,1,0,1,1,33,0,0,0,0,0,0,0,0,0,0,0,0,0,0,0,0,0,639907f816708f66ff3ef371
0,0,0,0,0,0,0,0,0,0,0,0,1,1,0,0,0,0,0,0,0,0,0,0,0,70,0,1,0,0,0,25,6,2,0,0,3,8,0,0,0,2,0,0,0,0,0,3,5,0,1,8,18,0,0,1,0,0,0,0,0,0,0,0,1,0,0,0,0,4,0,0,0,0,0,0,15,0,0,0,0,0,0,0,0,0,0,0,0,0,0,0,0,0,0,0,1,3,0,0,0,0,0,0,1,0,0,0,0,0,2,4,0,0,0,0,0,0,3,1,0,0,1,1,1,0,2,0,0,0,2,0,0,0,1,0,0,0,0,0,0,0,0,0,0,0,0,0,0,0,0,0,0,0,0,0,0,0,0,0,0,0,0,0,0,0,0,0,2,0,2,1,1,2,0,0,0,27,6,33,0,0,0,4,9,13,8,18,26,4,4,2,0,2,0,0,0,42,81,0,0,0,2,5,7,47,0,0,0,0,4,0,4,0,0,0,1,0,0,0,0,0,0,639906d7ee557a40dab57094
0,10,0,1,0,1,0,0,0,0,0,0,17,18,8,1,0,0,1,1,0,0,0,0,0,72,20,4,0,0,0,18,5,2,0,2,20,8,0,0,0,9,9,0,0,6,7,19,28,0,0,7,29,0,2,9,4,0,1,0,0,1,3,0,0,0,0,0,0,19,0,0,0,0,0,0,35,0,0,1,0,0,0,0,0,0,0,0,0,2,0,2,0,0,5,1,15,21,0,1,2,0,0,0,11,7,1,3,0,0,5,13,0,0,3,5,0,0,7,4,0,2,2,2,2,0,10,0,0,0,1,0,0,0,0,0,0,0,0,0,0,0,0,0,0,0,0,0,0,0,0,0,0,0,0,0,0,0,0,0,0,4,1,0,2,3,0,1,9,11,20,25,19,44,0,0,0,20,5,25,11,8,19,34,50,84,9,31,40,40,70,20,11,31,1,4,5,96,224,0,0,0,6,16,22,140,3,5,8,0,1,0,1,0,0,0,1,0,0,0,0,0,0,6399077edb1837921369539d
0,16,0,1,0,1,0,1,0,0,0,0,15,1,11,1,0,6,1,1,0,0,0,0,0,69,0,3,0,0,0,25,2,1,1,9,43,108,0,0,0,1,0,0,0,1,3,3,13,3,0,0,4,0,1,7,0,2,1,0,0,6,10,1,2,10,3,1,1,24,0,0,0,0,0,0,45,0,0,0,0,0,0,0,0,0,0,0,0,0,0,0,1,0,0,0,11,13,2,0,41,68,5,2,2,2,0,0,0,0,4,0,0,0,4,4,0,1,9,0,0,0,2,0,0,0,51,0,0,0,0,0,0,0,0,0,0,0,0,0,0,0,0,0,0,0,0,0,0,0,0,0,0,0,0,0,0,0,0,0,0,5,5,0,3,0,0,0,1,0,1,26,2,28,1,0,1,26,3,29,1,3,4,19,26,45,46,75,121,11,16,9,2,11,2,1,3,138,265,0,0,0,11,12,23,161,15,9,24,0,0,0,0,0,0,0,24,0,0,0,0,0,0,63990798d71e57df4430ddb1
1,3,0,0,0,0,0,0,0,0,0,0,16,3,0,1,0,0,2,1,1,0,0,0,0,73,20,7,0,0,0,44,8,0,0,1,8,3,0,0,0,1,2,0,0,0,7,0,0,0,0,3,34,0,0,4,2,0,0,0,0,0,0,0,0,0,0,0,0,8,0,0,0,0,0,0,41,0,1,0,0,0,0,0,0,0,0,0,0,0,7,5,0,0,1,4,0,3,0,0,0,1,0,0,0,1,0,0,0,1,1,0,0,0,0,0,0,0,11,1,0,1,1,7,5,2,3,0,0,0,6,0,0,0,0,0,0,0,0,0,0,0,0,0,0,0,0,0,0,0,0,1,0,0,3,0,3,0,0,1,0,0,0,0,2,3,0,0,8,7,15,16,4,20,0,0,0,44,8,52,1,11,12,0,3,3,3,35,38,13,34,4,3,7,0,0,0,24,69,0,1,1,1,0,1,87,0,0,0,0,0,0,0,0,0,0,0,0,0,0,0,0,0,63990788fc6da0b04b24e37c
0,6,0,1,1,0,0,0,0,0,0,0,14,4,24,2,0,0,3,3,0,0,0,0,0,76,0,1,0,0,0,0,0,0,0,6,10,29,0,0,0,0,0,0,0,0,0,0,1,0,0,0,8,2,2,0,0,0,0,0,0,0,0,0,0,0,0,0,0,25,0,0,0,0,0,0,25,0,0,0,0,0,0,0,0,0,0,0,0,0,3,0,0,0,0,0,3,5,0,0,0,0,0,0,9,0,3,0,0,0,4,2,0,0,0,0,0,0,5,0,0,0,0,2,2,0,8,0,0,0,0,0,0,0,0,0,0,0,0,0,0,0,0,0,0,0,0,0,0,0,0,0,0,0,0,0,0,0,0,0,0,0,0,1,0,0,0,0,3,0,3,38,6,44,0,0,0,0,0,0,0,0,0,3,6,9,2,10,12,12,12,9,0,9,3,0,3,50,74,0,0,0,4,2,6,62,0,0,0,0,0,0,0,0,0,0,7,0,0,0,0,0,0,639907cbe218ca80b6695d79
0,5,1,0,0,0,0,0,0,0,0,0,2,0,0,2,0,0,7,1,6,0,0,0,0,79,0,4,0,0,0,105,37,46,2,1,20,4,0,0,0,11,5,10,1,1,4,3,10,0,0,12,32,0,1,9,4,0,1,0,0,1,2,0,0,1,0,0,0,3,0,0,0,0,0,0,48,0,0,3,0,0,0,0,0,0,0,0,0,7,22,10,7,0,1,2,8,20,0,0,5,6,0,0,4,2,2,3,0,0,11,16,0,1,1,5,0,0,10,1,0,0,6,5,4,1,4,1,0,0,2,0,0,0,0,0,0,0,0,0,0,0,0,0,0,0,0,0,0,0,0,0,0,0,0,1,0,0,0,0,0,2,0,0,3,1,0,0,33,15,48,2,2,4,17,1,18,151,39,190,2,6,8,11,30,41,17,39,56,48,75,13,6,19,2,4,6,48,149,0,0,0,12,19,31,270,2,5,7,0,1,0,1,0,0,0,0,0,0,0,0,0,0,63990777c26d523970730c7e
0,43,0,1,0,1,0,0,0,0,0,0,18,7,4,3,0,2,2,0,2,0,0,0,0,76,5,6,0,0,0,35,22,2,0,5,34,31,0,0,0,33,11,0,0,2,15,17,51,3,5,10,46,2,4,68,27,7,14,0,0,5,4,3,0,1,3,0,0,79,0,0,0,2,0,0,108,0,3,2,0,0,0,0,0,0,0,0,0,3,14,4,0,1,0,11,13,19,1,1,3,36,4,3,37,19,2,4,0,2,5,16,1,4,0,0,0,0,23,0,1,0,3,11,9,2,28,0,0,0,0,0,0,0,0,0,0,0,0,0,0,0,0,0,0,0,0,0,0,0,0,0,0,0,0,0,0,0,0,0,0,2,1,1,1,1,0,1,47,15,62,22,10,32,0,1,1,37,22,59,2,26,28,34,76,110,19,89,108,154,241,105,46,151,9,18,27,99,322,0,2,2,14,24,38,313,1,3,4,0,0,0,0,0,0,0,4,0,0,0,0,0,0,639907e3bd63629c29b0c938
0,3,0,0,0,0,0,0,0,0,0,0,3,1,0,0,0,0,2,2,0,0,0,0,0,70,0,2,0,0,0,0,3,0,0,0,8,9,0,0,0,0,2,0,0,1,0,0,6,1,0,0,0,0,0,5,2,0,0,0,0,1,4,1,1,0,0,0,0,2,0,0,0,0,0,0,16,0,0,1,0,0,0,0,0,0,0,0,0,0,0,1,0,0,0,1,3,16,0,0,0,5,0,0,2,0,0,1,0,0,0,0,0,0,0,2,0,0,4,0,0,0,1,0,0,0,4,0,0,0,0,0,0,0,0,0,0,0,0,0,0,0,0,0,0,0,0,0,0,0,0,0,0,0,0,0,0,0,0,0,0,0,0,3,0,0,0,0,0,3,3,3,1,4,0,0,0,0,3,3,1,1,2,4,22,26,0,5,5,8,14,7,2,9,0,1,1,9,48,0,0,0,2,5,7,24,0,2,2,0,0,0,0,0,0,0,7,0,0,0,0,0,0,639906f65a0b1e93b0e7606b
0,3,0,1,0,1,0,0,0,0,0,0,2,0,1,0,0,0,2,2,0,0,0,0,0,89,5,1,0,0,0,9,2,23,0,3,10,21,0,0,0,1,0,2,1,0,0,14,17,1,0,11,37,4,1,21,6,5,8,1,2,0,0,0,0,0,2,0,0,5,0,0,0,0,0,0,25,0,1,2,0,0,0,0,0,0,0,0,0,1,3,1,8,0,0,6,4,5,0,0,0,3,0,0,2,0,8,6,0,0,13,11,4,0,2,3,2,0,5,0,0,0,0,8,7,1,20,0,0,0,0,0,0,0,0,0,0,0,0,0,0,0,0,0,0,0,0,0,0,0,0,0,0,0,0,0,0,0,0,0,0,0,0,1,0,1,0,0,4,1,5,3,0,3,10,1,11,32,2,34,0,6,6,19,22,41,15,41,56,27,40,23,6,29,13,14,27,103,198,1,2,3,17,11,28,147,4,5,9,0,0,0,0,0,0,0,13,0,0,0,0,0,0,639907bcf359397910dafe8d
1,6,2,7,1,6,0,0,0,0,0,0,5,3,14,3,0,2,3,1,2,0,0,0,1,84.5,20,5,0,0,0,36,13,1,0,0,36,37,0,0,0,8,7,18,11,3,7,26,29,0,0,4,11,0,0,27,1,1,1,0,0,13,14,0,0,3,2,0,0,24,0,0,0,0,0,0,94,0,1,1,0,0,0,0,0,0,0,0,0,5,3,0,2,2,0,0,14,55,0,0,33,92,3,0,0,0,0,0,0,0,0,2,0,0,0,0,0,0,20,0,0,0,4,2,2,0,16,0,0,0,0,0,0,0,0,0,0,0,0,0,0,0,0,0,0,0,0,0,0,0,0,0,0,0,0,0,0,0,0,0,0,1,0,1,0,1,0,2,11,7,18,19,6,25,20,13,33,37,13,50,3,7,10,40,84,124,40,103,143,41,56,27,1,28,1,1,2,116,328,0,0,0,13,16,29,234,3,2,5,0,4,1,3,0,0,0,3,0,0,0,0,1,1,63a531bd96548d41188501f3
1,17,0,7,5,2,0,0,0,0,0,0,44,49,7,5,0,1,20,12,8,0,0,0,1,83.5,20,10,0,0,0,203,141,19,12,6,79,114,0,0,0,21,10,0,0,2,30,41,146,2,5,135,529,1,4,10,3,1,8,0,4,15,13,1,1,2,11,4,1,73,0,0,0,0,0,0,140,1,0,6,0,0,0,0,0,0,0,0,0,3,7,5,7,4,2,14,45,128,22,5,3,28,0,0,14,6,9,35,0,0,41,94,1,5,12,18,2,2,30,2,0,1,28,25,16,9,72,1,0,0,6,0,0,0,0,0,0,0,0,0,1,0,0,0,0,1,0,0,0,0,0,0,0,0,0,0,0,0,0,0,0,0,1,3,0,5,0,1,28,15,43,51,54,105,7,4,11,222,153,375,4,44,48,110,284,394,139,561,700,56,124,24,9,33,10,43,53,388,1453,0,4,4,58,113,171,724,20,32,52,1,1,0,1,0,0,0,7,0,0,0,0,0,0,63a5320e2e718a4824c1a271
0,7,0,2,2,0,0,0,0,1,0,0,0,0,0,0,0,0,0,0,0,0,0,0,0,85,20,4,0,0,0,70,3,4,0,1,34,63,0,0,0,11,2,21,8,0,6,9,36,0,2,13,21,2,0,7,3,0,0,0,0,14,3,0,1,14,6,2,2,13,0,0,0,0,0,0,26,0,1,2,0,0,0,0,0,0,1,0,1,14,35,17,4,0,10,2,4,8,0,0,6,16,2,0,33,11,3,2,0,0,5,8,2,0,0,0,4,0,7,0,0,0,0,1,0,1,31,0,0,0,10,0,0,0,0,0,0,0,0,0,0,0,0,0,0,0,0,0,0,0,0,0,0,0,0,0,0,0,0,0,0,0,1,0,0,0,0,0,46,19,65,0,0,0,25,8,33,74,3,77,10,8,18,13,46,59,23,37,60,96,137,40,14,54,4,2,6,106,206,0,0,0,21,12,33,205,20,8,28,0,2,0,2,1,0,0,9,0,0,0,1,0,0,63a616471622a0508312dba0
0,1,0,1,0,1,0,0,0,0,0,0,9,0,0,0,0,0,0,0,0,0,0,0,0,91,20,5,0,0,0,18,0,0,0,0,0,2,0,0,0,0,0,0,0,1,1,9,5,1,0,7,16,3,0,0,0,0,1,0,1,0,0,0,0,0,0,0,0,11,0,0,0,0,0,0,31,0,1,0,0,0,0,0,0,0,0,0,0,2,1,0,0,0,0,0,2,3,0,0,1,0,0,0,7,1,4,5,0,0,1,3,2,0,4,0,0,0,10,0,0,0,1,0,0,0,1,0,0,0,0,0,0,0,0,0,0,0,0,0,0,0,0,0,0,0,0,0,0,0,0,0,0,0,0,0,0,0,0,0,0,0,0,1,0,0,0,0,1,0,1,9,0,9,0,0,0,18,0,18,1,1,2,12,8,20,11,16,27,9,11,7,1,8,4,6,10,43,77,0,1,1,3,3,6,70,4,0,4,0,0,0,0,0,0,0,0,0,0,0,0,0,2,63a6725f153b37234cf1d0b0
0,0,0,0,0,0,0,0,0,0,0,0,0,0,0,0,0,0,0,0,0,0,0,0,0,89,5,2,0,0,0,0,0,0,0,0,0,0,0,0,0,0,0,0,0,0,0,0,0,0,0,0,0,0,0,0,0,0,0,0,0,0,0,0,0,0,0,0,0,0,0,0,0,0,0,1,29,0,0,0,0,0,0,0,0,0,0,0,0,0,0,0,0,0,0,0,0,0,0,0,0,0,0,0,0,0,0,0,0,0,0,0,0,0,0,0,0,0,6,0,0,0,0,0,0,0,0,0,0,0,0,0,0,0,0,0,0,0,0,0,0,0,0,0,0,0,0,0,0,0,0,0,0,0,0,0,0,0,0,0,0,0,0,0,0,0,0,0,0,0,0,0,0,0,0,0,0,0,0,0,0,0,0,0,0,0,0,0,0,0,0,0,0,0,0,0,0,0,0,0,0,0,0,0,0,0,0,0,0,0,0,0,0,0,0,0,0,0,0,0,0,0,0,63a6c638514a02ff0488330f
0,0,1,0,0,0,0,0,0,0,0,0,0,0,0,0,0,1,0,0,0,0,0,0,0,73,0,1,0,0,0,0,0,0,0,0,9,9,0,0,0,0,1,0,0,0,0,4,9,1,0,9,20,0,2,0,0,0,0,0,0,0,0,0,0,0,0,0,0,3,0,0,0,0,0,0,15,0,0,0,0,0,0,0,0,0,0,0,0,1,1,0,0,0,0,2,1,5,0,0,0,0,0,0,16,4,0,0,0,0,7,13,0,0,0,1,0,0,3,0,0,0,2,0,0,0,0,0,0,0,0,0,0,0,0,0,0,0,0,0,0,0,0,0,0,0,0,0,0,0,0,0,0,0,0,0,0,0,0,0,0,0,1,0,0,1,0,1,1,1,2,0,0,0,0,0,0,0,0,0,0,2,2,6,14,20,9,22,31,17,24,16,4,20,0,0,0,22,71,0,0,0,7,13,20,47,0,1,1,0,0,0,0,0,0,0,0,0,0,0,0,0,0,63ab8c6d163f8bfb27490425
0,4,0,0,0,0,0,0,0,0,0,0,2,1,5,0,0,2,0,0,0,0,0,0,0,71,0,1,0,0,0,0,0,0,0,2,14,21,0,0,0,0,2,0,0,0,3,5,23,0,0,26,55,1,2,1,1,0,0,0,1,0,0,0,0,0,0,0,0,8,0,0,0,0,0,0,15,0,1,2,0,0,0,0,0,0,0,0,0,0,1,1,0,0,0,2,7,13,1,1,0,0,0,0,3,0,1,5,0,0,7,17,1,0,1,1,0,0,3,0,0,0,2,0,0,0,3,0,0,0,0,0,0,0,0,0,0,0,0,0,0,0,0,0,0,0,0,0,0,0,0,0,0,0,0,0,0,0,0,0,0,0,1,0,1,0,0,0,1,3,4,7,1,8,0,0,0,0,0,0,0,5,5,13,37,50,27,57,84,5,14,4,1,5,1,5,6,57,169,0,1,1,8,17,25,69,1,1,2,0,0,0,0,0,0,0,4,0,0,0,0,0,0,63abb305dd584399334fdbbc
0,4,0,0,0,0,0,0,0,0,0,0,1,0,0,0,0,2,0,0,0,0,0,0,0,71,0,1,0,0,0,0,0,0,0,0,18,38,0,0,0,3,1,0,0,0,0,2,28,2,2,16,61,1,1,0,0,0,0,0,0,0,0,0,0,0,0,2,0,0,0,0,0,0,0,0,15,0,0,1,0,0,0,0,0,0,0,0,0,3,0,0,0,0,1,1,2,27,0,3,0,1,0,0,19,9,0,2,0,0,3,8,0,0,0,7,1,1,3,0,0,0,4,1,1,0,18,0,0,0,0,0,0,0,0,0,0,0,0,0,0,0,0,0,0,0,0,0,0,0,0,0,0,0,0,0,0,0,0,0,0,0,1,0,0,1,0,0,3,1,4,1,0,1,0,0,0,0,0,0,1,1,2,6,60,66,17,63,80,23,34,19,9,28,0,2,2,30,163,0,0,0,3,8,11,53,3,8,11,0,0,0,0,0,0,0,2,0,0,0,0,0,0,63acb75e91107efc5773f245
0,1,0,0,0,0,0,0,0,0,0,0,0,0,0,0,0,0,2,1,1,0,0,0,0,67,0,2,0,0,0,0,0,0,0,1,11,13,0,0,0,0,0,0,0,0,0,2,4,0,0,0,1,0,0,0,0,1,4,0,0,10,14,0,0,0,0,0,0,5,0,0,0,0,0,0,17,0,0,0,0,0,0,0,0,0,0,0,0,0,0,0,0,0,0,0,2,1,0,0,3,66,0,0,0,0,0,0,0,0,0,1,0,0,0,0,0,0,4,1,0,0,0,24,23,1,10,0,0,0,1,0,0,0,0,0,0,0,0,0,0,0,0,0,0,0,0,0,0,0,0,0,0,0,0,0,0,0,0,0,0,0,0,1,0,1,0,0,0,0,0,0,0,0,0,0,0,0,0,0,0,0,0,4,5,9,3,67,70,0,0,0,0,0,1,4,5,18,108,0,0,0,10,15,25,18,0,0,0,0,1,1,0,0,0,0,2,0,0,0,0,0,0,63ace523f825c30ed084da47
0,1,1,0,0,0,0,0,0,0,0,0,7,5,1,2,0,0,0,0,0,0,0,0,0,82,0,1,0,0,0,9,4,4,3,0,1,0,0,0,0,0,0,0,0,0,3,1,2,0,0,0,2,0,0,0,0,0,0,0,0,4,5,0,0,0,0,0,0,0,0,0,0,0,0,0,15,0,0,0,0,0,0,0,0,0,0,0,0,0,1,1,0,0,1,1,3,4,0,0,0,1,0,0,0,0,0,0,0,0,0,1,0,0,0,0,0,0,3,0,0,0,1,0,0,0,0,0,0,0,0,0,0,0,0,0,0,0,0,0,0,0,0,0,0,0,0,0,0,0,0,0,0,0,0,0,0,0,0,0,0,1,2,0,3,0,0,0,1,1,2,8,7,15,0,0,0,13,7,20,1,4,5,4,6,10,0,3,3,2,7,0,0,0,0,0,0,16,36,0,0,0,4,6,10,34,0,0,0,0,0,0,0,0,0,0,0,0,0,0,0,0,0,63aceca8657362aa0d3a6ccc
0,9,1,0,0,0,0,0,0,0,0,0,0,2,2,1,0,2,0,0,0,0,0,0,0,81,0,1,0,0,0,10,7,0,1,0,4,21,0,0,0,3,3,1,0,0,3,10,21,1,0,15,44,0,0,4,3,0,0,0,0,5,11,0,0,0,0,0,1,1,0,0,0,0,0,0,25,0,0,1,0,0,0,0,0,0,0,0,0,1,0,0,0,0,0,0,1,15,2,0,4,30,0,0,13,4,0,0,0,0,2,12,0,0,0,1,1,0,5,0,0,0,1,0,0,0,14,0,0,0,1,0,0,0,1,0,0,0,0,0,0,0,0,0,0,0,0,0,0,0,0,0,0,0,0,0,0,0,0,0,0,0,2,0,3,0,0,0,3,3,6,2,3,5,1,0,1,10,8,18,0,3,3,14,36,50,19,74,93,20,33,17,7,24,0,0,0,43,176,0,0,0,7,23,30,80,1,2,3,0,0,0,0,0,0,0,0,0,0,0,0,0,0,63adc2daac16e0163f1c7eb8
0,2,0,4,0,4,0,0,0,0,0,0,7,0,1,0,0,0,4,1,3,0,0,0,0,93,20,6,0,0,0,265,53,5,1,0,21,15,0,0,0,0,1,0,0,0,0,3,11,0,0,12,33,0,0,0,0,0,0,0,0,2,1,0,0,0,0,0,0,5,0,0,0,0,0,0,29,2,2,0,0,0,0,0,0,0,0,0,1,1,6,6,0,0,0,0,8,21,3,0,9,17,0,0,9,0,3,9,0,0,9,19,0,0,5,7,1,3,9,2,0,2,5,3,2,1,7,0,0,0,7,3,0,2,1,0,0,0,0,0,0,0,0,0,0,0,0,0,0,0,0,0,0,0,0,0,0,0,0,0,0,0,0,1,0,1,0,0,6,7,13,8,0,8,0,0,0,270,54,324,0,0,0,14,32,46,21,50,71,15,22,9,0,9,3,9,12,63,184,0,0,0,11,20,31,354,6,10,16,0,3,2,1,0,0,0,4,0,0,0,0,0,0,63ae1df72b75ad669cc9d222
1,13,0,4,0,4,0,0,0,0,0,0,34,6,20,3,0,0,7,5,2,0,0,0,0,87,20,7,0,0,0,104,26,13,1,0,30,75,0,0,0,13,3,0,0,0,5,26,65,1,2,40,109,5,9,11,3,0,0,0,0,0,0,0,0,0,0,0,0,58,0,0,0,0,0,1,91,0,4,2,0,0,0,0,0,0,0,0,0,6,14,3,2,2,1,12,27,48,1,3,0,1,0,0,52,23,1,14,0,0,21,38,1,2,7,8,0,0,20,3,0,1,5,12,11,1,32,0,0,0,5,0,0,0,2,0,0,0,0,0,0,0,0,0,0,0,0,0,0,0,0,0,0,0,0,0,0,0,0,1,0,1,1,3,1,1,0,0,27,6,33,54,9,63,2,2,4,117,27,144,1,17,18,55,118,173,45,119,164,91,140,63,26,89,1,14,15,184,492,0,0,0,22,40,62,438,7,8,15,1,4,1,3,0,0,0,7,0,0,0,0,0,0,63ae5491ae69ddd375022e17
3,42,0,1,0,1,0,0,0,0,0,0,33,19,133,13,0,3,5,1,4,0,0,0,1,95,12,7,0,0,0,91,35,88,9,2,84,76,0,0,0,5,0,5,1,0,3,34,69,4,0,107,264,9,6,5,3,1,2,0,0,3,5,1,1,1,3,1,0,54,0,0,0,0,1,1,139,0,7,6,0,0,0,0,0,0,0,0,0,8,28,25,2,1,2,8,33,55,23,4,26,37,1,0,23,10,1,12,0,0,43,77,4,5,10,8,9,4,30,0,0,0,10,16,13,3,65,1,0,0,1,0,0,0,0,0,0,0,0,0,0,0,0,0,0,0,0,0,0,0,0,0,0,0,0,0,0,0,0,2,0,0,0,0,0,4,0,1,33,25,58,166,32,198,7,2,9,179,44,223,2,11,13,94,128,222,143,307,450,63,112,28,13,41,2,14,16,477,1061,0,0,0,51,88,139,802,21,15,36,0,0,0,0,0,0,0,14,0,0,0,0,2,6,63af283227674ac485f793c7
0,24,0,0,0,0,0,0,0,0,0,0,3,2,36,15,0,2,1,1,0,0,0,0,0,63,0,3,0,0,0,10,7,4,1,1,30,24,0,0,0,0,0,0,0,0,1,0,15,0,0,4,100,1,5,0,1,0,0,0,0,0,0,0,0,0,1,0,0,23,0,0,0,0,2,1,71,0,0,0,0,0,0,0,0,0,0,0,0,1,2,1,0,0,0,1,7,19,0,3,0,0,0,0,10,0,0,7,0,0,9,11,1,1,6,5,0,1,15,0,0,0,9,3,2,1,5,0,0,0,4,0,0,0,4,0,0,0,0,0,0,0,0,0,0,0,0,0,0,0,0,0,0,0,0,0,0,0,0,0,0,0,2,2,4,1,1,1,2,1,3,39,17,56,0,0,0,14,8,22,0,2,2,7,37,44,5,105,110,12,16,10,1,11,0,7,7,67,252,0,0,0,10,12,22,139,6,7,13,1,0,0,0,0,0,0,5,0,0,0,0,0,0,63af5f8ffa44e309698cd713
0,8,0,0,0,0,0,0,0,0,0,0,3,1,8,0,0,0,0,0,0,0,0,0,0,85,0,4,0,0,0,3,0,0,0,1,4,25,0,0,0,0,0,0,0,0,0,12,11,1,0,6,6,2,1,1,0,0,1,0,0,1,0,0,0,0,0,0,0,7,0,0,0,0,0,2,15,0,3,3,0,0,0,0,0,0,0,0,0,1,0,0,0,0,0,0,13,6,2,0,2,1,0,0,21,6,6,6,0,0,8,2,0,0,8,2,2,0,5,0,1,0,0,0,0,0,14,0,0,0,0,0,0,0,0,0,0,0,0,0,0,0,0,0,0,0,0,0,0,0,0,0,0,0,0,0,0,0,0,0,0,1,0,1,0,1,0,0,0,0,0,11,1,12,0,0,0,3,0,3,0,0,0,28,17,45,10,8,18,22,28,22,6,28,6,7,13,74,111,0,0,0,9,2,11,100,10,2,12,0,0,0,0,0,0,0,8,0,0,0,0,0,0,63b0e98f2654cfc693fc7105
0,4,0,3,2,1,0,0,0,0,0,0,4,2,6,1,0,0,0,0,0,0,0,0,0,75,0,2,0,0,0,14,2,3,0,0,4,2,0,0,0,0,1,0,0,0,0,3,3,1,0,5,6,0,0,0,0,0,0,0,0,2,0,0,0,0,0,0,0,12,0,0,0,0,0,0,30,0,0,0,0,0,0,0,0,0,0,0,0,0,2,2,0,0,0,1,0,4,0,0,0,0,0,0,6,0,0,1,0,0,4,1,0,0,1,0,0,0,6,0,0,0,0,4,4,0,3,0,0,0,0,0,0,0,0,0,0,0,0,0,0,0,0,0,0,0,0,0,0,0,0,0,0,0,0,0,0,0,0,0,1,3,0,1,0,0,1,1,2,3,5,10,3,13,0,0,0,17,2,19,0,1,1,4,7,11,5,6,11,8,12,6,0,6,0,1,1,26,44,0,0,0,6,1,7,60,1,0,1,0,2,0,2,0,0,0,0,0,0,0,0,0,0,63b1e508e67f447e0a0379f1
0,4,0,0,0,0,0,0,0,0,0,0,10,4,1,1,0,1,2,2,0,0,0,0,0,81,0,1,0,0,0,11,4,3,0,2,13,33,0,0,0,1,2,0,0,0,0,6,15,1,0,0,0,0,0,16,9,1,4,0,0,3,6,0,0,1,4,0,0,6,0,0,0,0,0,0,25,0,1,0,0,0,0,0,0,0,0,0,0,0,1,4,2,0,0,1,7,10,3,1,16,44,0,1,2,2,0,0,0,0,1,0,0,0,0,3,2,0,5,0,0,0,2,2,2,0,8,0,0,0,0,0,0,0,0,0,0,0,0,0,0,0,0,0,0,0,0,0,0,0,0,0,0,0,0,0,0,0,0,0,0,1,2,0,0,0,0,0,2,6,8,11,5,16,2,0,2,14,4,18,0,1,1,17,26,43,16,45,61,20,38,18,11,29,1,4,5,52,145,0,0,0,4,6,10,100,3,7,10,0,0,0,0,0,0,0,2,0,0,0,0,0,0,63b20648f82e735b54aff989
0,4,1,0,0,0,0,0,0,0,0,0,17,6,3,0,0,0,0,0,0,0,0,0,0,72,0,1,0,0,0,12,4,0,0,0,21,5,0,0,0,0,0,0,0,0,0,4,5,0,0,0,4,0,1,2,0,3,2,0,0,10,8,0,0,0,0,0,0,19,1,0,0,0,0,0,25,0,0,1,0,0,0,0,0,0,0,0,0,1,2,5,2,0,0,0,14,31,0,1,14,35,3,5,4,5,0,1,0,0,0,0,1,0,0,0,0,0,5,0,0,0,0,0,0,0,2,0,0,0,1,0,0,0,0,0,0,0,0,0,0,0,0,0,0,0,0,0,0,0,0,0,0,0,0,0,0,0,0,0,0,3,0,0,0,0,0,3,2,5,7,20,6,26,2,0,2,12,4,16,0,0,0,18,37,55,17,45,62,8,18,6,5,11,3,3,6,69,168,0,0,0,11,8,19,112,0,0,0,1,0,0,0,0,0,0,1,0,0,0,0,0,0,63b25dbfb5274d4ea9080c72
1,7,0,3,2,1,0,0,0,0,0,0,2,0,0,0,0,0,1,0,1,0,0,0,0,81,0,3,0,0,0,5,3,0,0,1,23,15,0,0,0,11,0,0,0,1,1,4,12,0,1,2,11,1,0,4,0,1,0,0,0,8,6,5,0,0,0,0,0,17,0,0,0,0,0,1,54,0,1,1,0,0,0,0,0,0,0,0,0,0,7,1,4,4,1,3,16,10,0,1,23,72,1,1,28,7,0,1,0,0,1,3,0,0,2,0,0,0,11,0,0,0,0,10,10,0,14,0,0,0,0,0,0,0,0,0,0,0,0,0,0,0,0,0,0,0,0,0,0,0,0,0,0,0,0,0,0,0,0,1,0,0,0,0,0,0,0,0,18,1,19,2,0,2,4,4,8,5,3,8,2,4,6,20,24,44,27,84,111,52,64,32,7,39,1,1,2,66,184,0,0,0,14,9,23,142,2,0,2,0,1,0,1,0,0,0,3,0,0,0,0,0,0,63b3153f260c74c15a5b2405
1,3,2,2,2,0,0,0,0,0,0,0,17,7,4,0,0,0,0,0,0,0,0,0,1,87,10,4,0,0,0,46,30,0,0,1,39,41,0,0,0,15,2,0,1,3,7,17,53,1,0,23,37,0,0,17,3,0,2,0,2,2,6,0,0,0,2,0,0,29,0,0,0,0,0,0,44,0,0,1,0,0,0,0,0,0,0,0,0,0,10,7,6,3,6,20,21,33,0,1,13,28,0,0,50,15,2,2,0,4,11,28,0,0,1,2,0,0,10,0,0,0,4,2,1,1,21,0,0,0,3,1,0,0,1,0,0,0,0,0,0,0,0,0,0,0,0,0,0,0,0,0,0,0,1,0,0,0,0,0,0,0,3,0,0,0,1,0,25,9,34,21,7,28,6,4,10,46,30,76,9,27,36,39,87,126,36,65,101,101,155,67,18,85,2,4,6,112,319,0,6,6,13,34,47,277,1,4,5,1,2,2,0,0,0,0,1,0,0,0,0,0,0,63b31599e13e220536b7615f
0,18,0,0,0,0,0,0,0,0,0,0,0,0,0,0,0,0,0,0,0,0,0,0,0,72,0,1,0,0,0,3,1,0,0,2,19,25,0,0,0,1,0,0,0,0,0,11,35,1,0,10,36,1,2,0,0,0,0,0,0,2,0,0,0,0,1,0,0,32,0,0,0,0,0,0,25,0,0,0,0,0,0,0,0,0,0,0,0,1,6,2,0,1,0,2,8,12,1,0,0,1,0,0,13,2,0,0,0,0,7,14,1,0,2,2,1,0,5,0,0,0,8,0,0,0,14,0,0,0,0,0,0,0,0,0,0,0,0,0,0,0,0,0,0,0,0,0,0,0,0,0,0,0,0,0,0,0,0,0,0,1,1,1,0,1,0,1,7,2,9,0,0,0,0,1,1,3,1,4,0,2,2,21,47,68,11,39,50,20,26,13,2,15,0,0,0,45,148,0,0,0,10,14,24,68,3,3,6,0,0,0,0,0,0,0,2,0,0,0,0,0,0,63b321355b641d743276287c
0,4,0,0,0,0,0,0,0,0,0,0,1,1,0,0,0,0,1,0,1,0,0,0,0,84,10,2,0,0,0,2,0,0,0,0,15,7,0,0,0,8,2,0,2,2,25,24,17,8,1,0,1,0,0,7,4,1,0,0,0,26,16,4,4,6,8,5,3,18,0,0,0,0,0,0,30,0,1,1,0,0,0,0,0,0,0,0,0,1,0,0,1,3,1,2,6,19,0,0,27,60,4,5,19,10,0,0,0,0,0,0,0,0,0,1,0,0,6,0,0,0,7,0,0,0,9,0,0,0,0,0,0,0,0,0,0,0,0,0,0,0,0,0,0,0,0,0,0,0,0,0,0,0,0,0,0,0,0,0,0,0,0,0,0,0,0,0,8,2,10,1,1,2,1,5,6,2,0,2,3,27,30,38,37,75,31,66,97,37,80,26,14,40,1,0,1,112,248,0,0,0,30,20,50,154,11,12,23,0,1,0,1,0,0,0,0,0,0,0,0,0,0,63b5f8602950913d312cb60d
0,0,0,0,0,0,0,0,0,0,0,0,0,0,0,0,0,0,0,0,0,0,0,0,0,70,0,1,0,0,0,0,0,0,0,0,14,10,0,0,0,1,1,0,0,0,2,3,10,0,1,0,28,0,0,15,13,0,0,0,0,0,0,0,1,0,1,0,0,11,0,0,0,0,0,0,15,0,0,0,0,0,0,0,0,0,0,0,0,0,1,3,0,0,0,6,0,8,0,0,0,0,0,0,0,0,0,3,0,0,4,15,1,8,0,1,0,0,3,0,0,0,0,5,5,0,12,0,0,0,0,0,0,0,0,0,0,0,0,0,0,0,0,0,0,0,0,0,0,0,0,0,0,0,0,0,0,0,0,0,0,0,0,1,0,1,0,0,2,4,6,0,0,0,0,0,0,0,0,0,0,8,8,3,19,22,0,28,28,17,42,15,13,28,0,3,3,8,84,0,0,0,5,24,29,25,0,2,2,0,0,0,0,0,0,0,4,0,0,0,0,0,0,63b5f8cb4d51309913389f84
0,10,0,0,0,0,0,0,0,0,0,0,2,1,0,0,0,0,2,0,2,0,0,0,0,77,0,2,0,0,0,19,21,17,3,3,5,6,0,0,0,0,0,0,1,0,0,0,7,0,0,2,15,0,0,2,2,0,0,0,0,0,0,0,1,0,0,0,0,14,0,0,0,0,0,0,15,0,0,0,0,0,0,0,0,0,0,0,0,1,0,0,0,1,0,0,4,10,1,0,0,1,0,0,3,2,0,1,0,0,0,1,0,0,0,3,0,0,4,0,0,0,0,0,0,0,1,0,0,0,0,0,0,0,0,0,0,0,0,0,0,0,0,0,0,0,0,0,0,0,0,0,0,0,0,0,0,0,0,0,1,0,0,0,0,1,0,0,0,0,0,2,1,3,0,2,2,36,24,60,0,0,0,5,17,22,2,16,18,5,9,5,4,9,0,1,1,9,49,0,0,0,0,2,2,56,0,3,3,1,0,0,0,0,0,0,0,0,0,0,0,0,0,63b60de78d3fff9869c655c7
0,33,2,0,0,0,0,0,0,0,0,0,9,1,1,0,0,2,2,1,1,0,0,0,0,85,1,6,0,0,0,36,12,2,0,6,158,138,0,0,0,1,6,1,1,2,12,48,113,19,8,183,486,15,15,30,21,0,0,0,0,7,15,0,2,4,11,8,3,207,0,0,0,0,0,3,150,0,2,7,0,0,0,0,0,0,0,0,0,5,25,19,22,5,6,12,43,103,54,21,14,48,3,5,75,44,0,2,0,3,74,112,18,12,18,20,1,1,30,0,0,0,28,2,2,0,31,1,0,0,2,0,0,0,1,0,0,0,0,0,0,0,0,0,0,0,0,0,0,0,0,0,0,0,0,0,0,0,0,0,0,0,1,0,1,0,0,3,26,25,51,10,1,11,23,6,29,38,12,50,8,24,32,164,245,409,215,554,769,139,253,105,65,170,0,2,2,519,1500,0,3,3,99,141,240,784,31,35,66,2,1,1,0,0,0,0,4,0,0,0,0,0,1,63b62924d82bd179d48a6e0a
0,7,0,0,0,0,0,0,0,0,0,0,0,0,0,0,0,0,0,0,0,0,0,0,0,72,0,0,0,0,0,8,1,2,1,1,16,14,0,0,0,1,1,0,0,0,5,2,1,1,0,2,1,0,0,6,0,3,3,0,0,4,5,2,0,0,0,1,0,4,0,0,0,0,0,0,0,0,1,0,0,0,0,0,0,0,0,0,0,0,0,0,0,0,0,0,4,5,0,0,1,19,0,0,0,0,1,0,0,0,0,1,0,0,0,0,0,0,0,0,0,0,0,0,0,0,5,0,0,0,0,0,0,0,0,0,0,0,0,0,0,0,0,0,0,0,0,0,0,0,0,0,0,0,0,0,0,0,0,0,0,0,1,0,1,2,0,0,1,1,2,0,0,0,0,0,0,10,2,12,0,5,5,7,6,13,3,20,23,7,13,6,0,6,4,3,7,21,56,0,0,0,6,6,12,38,1,0,1,0,0,0,0,0,0,0,1,0,0,0,0,0,0,63b71f31ea7edc23db855a64
0,8,0,0,0,0,0,0,0,0,0,0,0,2,1,0,0,0,0,0,0,0,0,0,0,62,0,1,0,0,0,0,0,0,0,3,24,21,0,0,0,0,0,0,0,0,1,4,26,0,0,6,47,1,0,0,0,1,0,0,0,0,1,0,0,0,0,0,0,15,0,0,0,0,0,0,15,0,0,0,0,0,0,0,0,0,0,0,0,1,2,2,1,1,0,0,8,17,0,1,0,1,0,0,3,1,0,1,0,0,4,11,0,1,0,1,0,0,3,0,0,0,0,2,2,0,18,0,0,0,0,0,0,0,0,0,0,0,0,0,0,0,0,0,0,0,0,0,0,0,0,0,0,0,0,0,0,0,0,0,0,0,1,0,0,0,0,1,2,2,4,1,2,3,1,1,2,0,0,0,0,1,1,12,44,56,7,48,55,5,9,3,1,4,1,1,2,25,134,0,0,0,4,13,17,32,0,1,1,0,0,0,0,0,0,0,7,0,0,0,0,0,0,63b73aff64560906a2746f76
0,2,0,0,0,0,0,0,0,0,0,0,0,1,1,0,0,0,3,2,1,0,0,0,0,65,0,1,0,0,0,2,1,0,0,1,27,45,0,0,0,4,3,0,1,0,0,12,22,3,0,11,86,0,2,4,2,0,0,1,1,0,0,0,0,0,1,0,0,0,0,0,0,0,0,1,25,0,0,0,0,0,0,0,0,0,0,0,0,0,4,5,0,0,0,4,15,39,1,1,0,1,0,0,14,2,0,1,0,2,3,21,3,1,0,2,0,0,5,0,0,0,0,16,16,0,15,0,0,0,0,0,0,0,0,0,0,0,0,0,0,0,0,0,0,0,0,0,0,0,0,0,0,0,0,0,0,0,0,0,0,0,0,0,0,1,0,0,8,8,16,1,1,2,0,1,1,2,1,3,0,4,4,31,62,93,11,89,100,26,42,18,4,22,0,1,1,50,231,1,3,4,6,22,28,93,0,3,3,0,0,0,0,0,0,0,8,0,0,0,0,0,0,63b8dea1872073dc6f36ebe2
0,14,0,0,0,0,0,0,0,0,0,0,2,0,0,0,0,0,0,0,0,0,0,0,0,93,20,5,0,0,0,1,1,0,0,4,27,43,0,0,0,1,4,0,0,0,5,33,67,7,2,50,80,1,0,97,38,1,1,0,0,0,1,0,0,0,1,1,0,43,0,0,0,0,0,0,115,0,0,0,0,0,0,0,0,0,0,0,0,0,4,0,3,0,1,1,32,48,5,4,0,0,0,0,29,8,2,5,0,1,5,19,3,3,1,3,0,0,23,0,0,0,0,10,10,0,13,0,0,0,0,0,0,0,0,0,0,0,0,0,0,0,0,0,0,0,0,0,0,0,0,0,0,0,0,0,0,0,0,0,0,0,0,2,0,2,0,0,5,4,9,2,0,2,3,0,3,1,1,2,1,6,7,77,121,198,51,80,131,132,188,126,46,172,3,6,9,143,378,0,1,1,8,23,31,280,2,4,6,0,4,1,3,0,0,0,8,0,0,0,0,0,4,63b9ea60d87b730d075780e9
0,7,0,0,0,0,0,0,0,0,0,0,0,1,0,0,0,1,0,0,0,0,0,0,0,80,0,1,0,0,0,0,0,0,0,2,77,90,0,0,0,0,0,5,5,0,0,11,29,0,0,44,68,6,2,0,0,0,3,1,0,0,0,0,0,0,0,0,1,38,0,0,0,0,0,0,25,0,0,0,0,0,0,0,0,0,0,0,0,0,5,4,0,0,0,3,7,28,0,0,0,1,0,0,14,8,1,6,0,1,9,15,0,0,1,4,0,0,5,0,0,0,0,1,1,0,50,0,0,0,0,0,0,0,0,0,0,0,0,0,0,0,0,0,0,0,0,0,0,0,0,0,0,0,0,0,0,0,0,0,0,0,0,0,0,4,0,0,5,4,9,0,1,1,5,5,10,0,0,0,0,3,3,18,57,75,50,71,121,19,34,14,8,22,1,9,10,80,239,1,1,2,9,15,24,108,1,5,6,0,0,0,0,0,0,0,14,0,0,0,0,0,0,63bc71c8b36e7351ba72f867
0,0,0,0,0,0,0,0,0,0,0,0,0,0,0,0,0,0,0,0,0,0,0,0,0,76,0,1,0,0,0,0,0,0,0,0,0,0,0,0,0,0,0,0,0,0,0,0,0,0,0,0,0,0,0,0,0,0,0,0,0,0,0,0,0,0,0,0,0,0,0,0,0,0,0,0,15,0,0,0,0,0,0,0,0,0,0,0,0,0,0,0,0,0,0,0,0,0,0,0,0,0,0,0,0,0,0,0,0,0,0,0,0,0,0,0,0,0,3,0,0,0,0,0,0,0,0,0,0,0,0,0,0,0,0,0,0,0,0,0,0,0,0,0,0,0,0,0,0,0,0,0,0,0,0,0,0,0,0,0,0,0,0,0,0,0,0,0,0,0,0,0,0,0,0,0,0,0,0,0,0,0,0,0,0,0,0,0,0,0,0,0,0,0,0,0,0,0,0,0,0,0,0,0,0,0,0,0,0,0,0,0,0,0,0,0,0,0,0,0,0,0,0,63bdc31e9d4fe4981071b846
0,16,0,1,0,1,0,0,0,0,0,0,5,0,1,0,0,0,0,0,0,0,0,0,0,75,0,8,0,0,0,134,13,11,0,2,11,8,0,0,0,8,2,8,5,2,2,2,4,0,0,2,34,0,1,39,9,0,0,2,0,1,0,0,0,0,0,0,0,36,0,0,0,0,0,0,50,1,2,0,0,0,0,0,0,0,0,0,0,16,13,4,24,3,2,10,8,11,0,0,2,14,0,0,12,8,3,10,1,0,1,11,0,0,0,1,0,0,14,0,0,1,3,0,0,0,10,0,0,0,3,0,0,0,0,0,0,0,0,0,0,0,0,0,0,0,0,0,0,0,0,0,0,0,1,0,0,0,0,0,0,1,5,5,1,5,0,0,21,6,27,6,0,6,32,8,40,145,13,158,4,12,16,10,15,25,4,49,53,76,111,51,17,68,3,10,13,28,114,3,0,3,2,11,13,289,0,1,1,0,0,0,0,0,0,0,4,0,0,0,0,0,0,63c1b4c97330e8098d22b602
0,26,0,0,0,0,0,0,0,0,0,0,8,4,4,0,0,0,0,0,0,0,0,0,0,86.5,20,7,0,0,0,33,6,0,0,1,23,9,0,0,0,16,7,0,0,1,14,8,19,2,3,3,9,0,0,22,7,0,0,0,0,31,63,14,10,0,0,0,0,42,0,0,0,0,0,0,44,0,6,3,0,0,0,0,0,0,0,0,0,1,0,0,0,0,0,0,40,51,2,0,35,110,2,1,5,3,1,3,0,0,4,3,0,0,7,5,4,0,13,0,0,0,10,0,0,0,2,0,0,0,0,0,0,0,0,0,0,0,0,0,0,0,0,0,0,0,0,0,0,0,0,0,0,0,0,0,0,0,0,0,0,1,3,0,6,0,0,1,16,7,23,12,4,16,0,0,0,33,6,39,1,14,15,52,73,125,40,120,160,44,75,27,10,37,1,3,4,165,446,0,0,0,49,76,125,279,11,5,16,1,0,0,0,0,0,0,0,0,0,0,2,0,0,63c386ce5972c236db922300
0,10,0,0,0,0,0,0,0,0,0,0,2,1,0,0,0,0,1,0,1,0,0,0,0,62,0,1,0,0,0,10,3,0,0,0,7,20,0,0,0,2,0,0,0,0,0,10,10,0,1,2,5,0,0,2,2,0,0,0,0,0,0,0,0,0,0,0,1,14,0,0,0,0,0,0,15,0,0,0,0,0,0,0,0,0,0,0,0,0,0,0,0,1,1,0,1,14,0,2,0,0,0,0,5,0,1,0,0,0,1,1,1,1,0,0,0,0,3,0,0,0,0,7,3,4,23,0,0,0,0,0,0,0,0,0,0,0,0,0,0,0,0,0,0,0,0,0,0,0,0,0,0,0,0,0,0,0,0,0,0,0,0,0,0,0,0,0,2,0,2,2,1,3,0,1,1,10,3,13,1,0,1,11,27,38,2,5,7,10,12,7,2,9,1,0,1,18,54,0,0,0,2,2,4,39,0,1,1,0,2,1,1,0,0,0,5,0,0,0,0,0,0,63c48758aa2ff6d4a0f7c4a8
0,32,5,7,2,5,0,0,0,0,0,0,7,2,1,0,0,4,1,0,1,0,0,0,0,88,12,8,0,0,0,140,40,17,1,5,90,97,0,0,0,9,6,8,3,11,31,95,148,18,6,169,290,2,8,3,1,4,13,0,0,0,0,0,1,13,18,9,1,74,0,0,0,0,0,2,125,1,3,6,0,0,0,0,0,0,0,0,0,16,1,0,0,2,1,3,11,28,5,2,0,1,0,0,26,4,13,18,1,1,38,87,2,2,2,0,1,1,26,3,0,1,12,3,2,1,31,0,0,0,4,0,0,0,0,0,0,0,0,0,0,0,0,0,0,0,0,0,0,0,0,0,0,0,0,0,0,0,0,0,0,4,0,3,3,3,1,2,10,6,16,8,2,10,8,5,13,157,41,198,12,34,46,129,184,313,171,299,470,51,96,29,5,34,17,31,48,391,1018,1,1,2,40,90,130,629,25,20,45,1,6,1,5,0,0,0,15,0,0,0,0,0,2,63c48b8d0d2c9396b0086ad6
1,0,0,3,2,1,0,0,0,0,0,0,3,0,0,0,0,0,1,1,0,0,0,0,0,82,0,1,0,0,0,27,5,0,0,1,7,2,0,0,0,1,0,0,0,0,0,0,0,0,0,0,2,1,0,2,1,0,0,0,0,0,1,0,0,0,1,0,0,1,0,0,0,0,0,0,15,0,0,0,0,0,0,0,0,0,0,0,0,2,2,1,0,0,0,1,2,2,0,0,1,4,0,0,0,1,0,0,0,1,0,3,0,0,0,1,0,0,3,0,0,0,0,4,3,1,3,0,0,0,0,0,0,0,0,0,0,0,0,0,0,0,0,0,0,0,0,0,0,0,0,0,0,0,0,0,0,0,0,1,0,0,0,1,0,1,0,1,3,1,4,3,0,3,0,0,0,27,5,32,0,1,1,2,2,4,2,6,8,5,9,2,2,4,0,0,0,7,22,0,1,1,0,4,4,42,0,2,2,0,1,0,1,0,0,0,8,0,0,0,0,0,0,63c48bd84c499859c98fa184
0,6,1,0,0,0,0,0,0,0,0,0,6,1,0,0,0,0,0,0,0,0,0,0,0,82,0,2,0,0,0,6,2,0,0,7,41,65,0,0,0,2,1,0,0,1,6,9,26,1,1,32,125,2,10,15,9,0,1,0,0,0,0,1,0,0,0,0,0,5,0,0,0,0,0,1,29,0,0,1,0,0,0,0,0,0,0,0,0,1,1,0,0,1,1,1,7,9,0,0,0,1,0,0,18,9,2,10,0,0,12,21,0,1,3,1,0,0,6,0,0,0,1,1,1,0,13,0,0,0,0,0,0,0,0,0,0,0,0,0,0,0,0,0,0,0,0,0,0,0,0,0,0,0,0,0,0,0,0,0,0,0,0,1,0,0,0,0,3,1,4,6,1,7,0,1,1,6,2,8,2,7,9,17,36,53,34,136,170,38,64,33,18,51,2,11,13,75,282,0,0,0,13,22,35,119,3,1,4,0,1,0,1,0,0,0,6,0,0,0,0,0,0,63c48c79b129b129ea8ce14e
0,4,1,2,0,2,0,0,0,0,0,0,0,0,0,0,0,0,1,0,1,0,0,0,0,79,5,2,0,0,0,51,9,16,0,1,9,20,0,0,0,0,0,1,0,0,0,9,7,1,0,7,13,0,0,0,0,0,0,0,0,0,0,0,0,0,0,0,0,2,0,0,0,0,0,0,30,0,0,0,1,0,0,0,0,0,0,0,0,2,1,1,1,0,0,3,0,4,0,0,0,0,0,0,4,0,2,2,1,4,4,2,0,0,1,0,0,0,6,0,0,0,0,8,5,3,5,0,0,0,3,0,0,0,1,0,0,0,0,0,0,0,0,0,0,0,0,0,0,0,0,0,0,0,0,0,0,0,0,0,0,1,0,0,0,0,0,0,1,1,2,0,0,0,2,0,2,67,9,76,0,3,3,10,11,21,7,13,20,5,9,4,0,4,2,2,4,25,57,1,4,5,4,2,6,112,1,0,1,0,1,1,0,0,0,0,2,0,0,0,0,0,0,63c48d0814515639c8ddb4e7
0,15,0,9,3,6,0,0,0,0,0,0,1,0,1,0,0,2,3,3,0,0,0,0,0,89,20,9,0,0,0,91,13,6,0,4,112,112,0,0,0,20,2,18,10,3,7,45,43,10,1,81,76,9,2,2,3,2,3,0,0,1,1,0,0,5,10,1,0,51,0,0,0,0,0,1,106,0,8,2,0,0,0,0,0,0,0,0,0,27,14,4,39,6,0,3,28,28,11,2,5,7,0,0,35,15,16,22,0,1,28,33,1,1,13,7,3,0,24,4,1,1,7,6,4,2,31,0,0,0,8,0,0,0,3,0,2,0,0,0,0,0,0,0,0,0,0,0,0,0,0,0,0,0,0,0,0,0,0,0,0,7,2,1,4,5,0,3,34,6,40,2,0,2,57,16,73,97,13,110,3,10,13,94,74,168,95,85,180,74,108,37,18,55,18,25,43,261,498,0,1,1,30,35,65,511,22,17,39,1,0,0,0,0,0,0,16,0,0,0,0,0,5,63c5e2f7553755b8e0f7ba6f
0,5,0,0,0,0,0,0,0,0,0,0,24,5,0,0,0,1,0,0,0,0,0,0,0,71,0,1,0,0,0,11,6,3,0,1,4,4,0,0,0,2,1,0,0,0,5,1,6,1,0,7,7,0,1,2,0,0,0,0,0,0,0,0,1,0,2,0,0,10,0,0,0,0,0,0,15,0,0,0,0,0,0,0,0,0,0,0,0,0,2,0,0,0,0,2,1,8,0,1,0,0,0,0,17,2,1,1,0,0,4,7,0,1,0,2,0,0,3,0,0,0,1,0,0,0,3,0,0,0,0,0,0,0,0,0,0,0,0,0,0,0,0,0,0,0,0,0,0,0,0,0,0,0,0,0,0,0,0,0,0,2,1,0,0,0,0,0,4,1,5,24,5,29,0,0,0,14,6,20,0,7,7,3,15,18,7,8,15,23,33,19,2,21,1,1,2,39,81,0,0,0,4,9,13,77,0,4,4,0,0,0,0,0,0,0,1,0,0,0,0,0,0,63c73fe5d85f7d172a6e638c
0,2,0,2,0,2,0,0,0,0,0,0,0,0,0,0,0,0,2,2,0,0,0,0,0,77,0,1,0,0,0,0,0,0,0,0,14,24,0,0,0,4,0,0,0,0,0,4,9,1,1,20,34,0,0,3,2,0,0,0,0,0,1,0,0,0,1,0,0,2,0,0,0,0,0,0,15,0,0,0,0,0,0,0,0,0,0,0,0,0,0,6,0,0,1,8,8,12,1,0,0,1,0,0,3,1,9,17,0,0,3,10,0,0,1,1,2,0,3,0,0,0,0,3,2,1,2,0,0,0,0,0,0,0,0,0,0,0,0,0,0,0,0,0,0,0,0,0,0,0,0,0,0,0,0,0,0,0,0,0,0,2,0,1,0,0,0,0,4,6,10,0,0,0,0,0,0,0,0,0,1,8,9,14,22,36,20,35,55,11,28,6,3,9,9,17,26,49,136,0,0,0,3,11,14,69,3,2,5,0,0,0,0,0,0,0,5,0,0,0,0,0,0,63c83b768d03ff78cf1d9aff
0,0,1,6,1,5,0,0,0,0,0,0,26,4,6,0,0,1,1,0,1,0,0,0,0,80,10,3,0,0,0,31,4,31,1,1,8,4,0,0,0,0,1,0,0,0,1,1,3,0,0,53,52,0,0,2,0,0,0,0,0,0,0,0,0,0,0,0,0,6,0,0,0,0,0,0,39,0,0,1,0,0,0,0,0,0,0,0,0,1,3,4,0,0,1,0,3,3,0,0,0,0,0,0,4,1,0,1,0,0,14,11,0,0,1,0,0,0,8,0,0,0,1,3,2,1,3,0,0,0,2,1,0,0,0,0,0,0,0,0,0,0,0,0,0,0,0,0,0,0,0,0,0,0,0,0,0,0,0,0,0,2,0,0,0,1,0,0,3,5,8,32,4,36,0,0,0,62,5,67,1,1,2,4,6,10,53,52,105,10,17,6,1,7,0,1,1,104,178,0,0,0,14,11,25,200,1,0,1,0,1,0,1,1,0,0,1,0,0,0,0,0,0,63caf40dc909e451099da033