FighterGrade,BodyKicksAbsorbed,ClinchStrikeHiMake,ClinchStrikeHiMiss,ClinchStrikeLoMake,ClinchStrikeLoMiss,DoubleLegDefends,DoubleLegTakedownAttempts,DoubleLegTakedownFail,DoubleLegTakedownSuccess,GroundStrikeHiMake,GroundStrikeHiMiss,GroundStrikeLoMake,GroundStrikeLoMiss,HeadKicksAbsorbed,HooksAbsorbed,JabsAbsorbed,LeftBodyKickMake,LeftBodyKickMiss,LeftHighKickMake,LeftHighKickMiss,LeftHookHiMake,LeftHookHiMiss,LeftHookLoMake,LeftHookLoMiss,LeftJabHiMake,LeftJabHiMiss,LeftJabLoMake,LeftJabLoMiss,LeftLegKickMake,LeftLegKickMiss,LeftOverhandMake,LeftOverhandMiss,LeftStraightHiMake,LeftStraightHiMiss,LeftStraightLoMake,LeftStraightLoMiss,LeftUppercutHiMake,LeftUppercutHiMiss,LeftUppercutLoMake,LeftUppercutLoMiss,LegKicksAbsorbed,NumberOfKnockDowns,NumberOfStuns,OverhandsAbsorbed,RightBodyKickMake,RightBodyKickMiss,RightHighKickMake,RightHighKickMiss,RightHookHiMake,RightHookHiMiss,RightHookLoMake,RightHookLoMiss,RightJabHiMake,RightJabHiMiss,RightJabLoMake,RightJabLoMiss,RightLegKickMake,RightLegKickMiss,RightOverhandMake,RightOverhandMiss,RightStraightHiMake,RightStraightHiMiss,RightStraightLoMake,RightStraightLoMiss,RightUppercutHiMake,RightUppercutHiMiss,RightUppercutLoMake,RightUppercutLoMiss,SingleLegDefends,SingleLegTakedownAttempts,SingleLegTakedownFail,SingleLegTakedownSuccess,StraightsAbsorbed,SubAttempts,TimesDoubleLegged,TimesKnockedDown,TimesSingleLegged,TimesStunned,TotalBodyKicksMade,TotalBodyKicksMissed,TotalBodyKicksThrown,TotalClinchStrikesMade,TotalClinchStrikesMissed,TotalClinchStrikesThrown,TotalElbowsMade,TotalElbowsMissed,TotalElbowsThrown,TotalGroundStrikesMade,TotalGroundStrikesMissed,TotalGroundStrikesThrown,TotalHighKicksMade,TotalHighKicksMissed,TotalHighKicksThrown,TotalHooksMade,TotalHooksMissed,TotalHooksThrown,TotalJabsMade,TotalJabsMissed,TotalJabsThrown,TotalKicksLanded,TotalKicksThrown,TotalLegKicksMade,TotalLegKicksMissed,TotalLegKicksThrown,TotalOverhandsMade,TotalOverhandsMissed,TotalOverhandsThrown,TotalPunchesLanded,TotalPunchesThrown,TotalSpinBackFistsMade,TotalStraightsMade,TotalStraightsMissed,TotalStraightsThrown,TotalStrikesLanded,TotalUppercutsMade,TotalUppercutsMissed,TotalUppercutsThrown,UppercutsAbsorbed
73,0.02739726,0.02739726,0.01369863,0,0,0.04109589,0,0,0,0.136986301,0.082191781,0,0,0,0.04109589,0.095890411,0,0,0,0,0.01369863,0.191780822,0,0,0.082191781,0.246575342,0.01369863,0.01369863,0.01369863,0.01369863,0,0.01369863,0.01369863,0.04109589,0,0,0,0,0,0,0.04109589,0,0,0.068493151,0,0,0,0.02739726,0.01369863,0.068493151,0,0.01369863,0.02739726,0.01369863,0,0,0.01369863,0,0,0,0,0.01369863,0,0,0,0,0,0,0,0,0,0,0.04109589,0,0.054794521,0,0.04109589,0,0,0,0,0.02739726,0.01369863,0.04109589,0,0,0,0.136986301,0.082191781,0.219178082,0,0.02739726,0.02739726,0.02739726,0.273972603,0.301369863,0.123287671,0.273972603,0.397260274,0.02739726,0.068493151,0.02739726,0.01369863,0.04109589,0,0.01369863,0.01369863,0.328767123,1.04109589,0,0.01369863,0.054794521,0.068493151,0.369863014,0,0,0,0
86,0.12,0.16,0,0.2,0.04,0,0.04,0.04,0,0.8,0.28,0.08,0,0,0.92,0.36,0.08,0.08,0,0.04,0.56,0.44,0,0.08,0.96,1.52,0.12,0,0.04,0,0,0,0.28,0.24,0,0,0,0,0,0,0.04,0.12,0.4,0,0.32,0.16,0,0,0.2,0.24,0.12,0,0.04,0.24,0.04,0.12,0.2,0,0,0,0.4,0.24,0,0,0.88,0.36,0,0,0.16,0.08,0.08,0,0.12,0,0,0,0,0,0.4,0.24,0.64,0.36,0.04,0.4,0.12,0.04,0.16,0.88,0.28,1.16,0,0.04,0.04,0.88,0.76,1.64,1.16,1.88,3.04,0.64,0.92,0.24,0,0.24,0,0,0,4.84,8.64,0.04,0.68,0.48,1.16,5.96,0.88,0.36,1.24,0
81,0.095890411,0.04109589,0.01369863,0,0,0.01369863,0.164383562,0.054794521,0.109589041,3.356164384,0.520547945,1.575342466,0.095890411,0.01369863,0.287671233,0.246575342,0.123287671,0.123287671,0.01369863,0.054794521,0.095890411,0.164383562,0.01369863,0,0.150684932,0.191780822,0,0,0.068493151,0.01369863,0.02739726,0.04109589,0.178082192,0.068493151,0,0.01369863,0,0.01369863,0.01369863,0,0.232876712,0.02739726,0.02739726,0.082191781,0.136986301,0.109589041,0,0.150684932,0.082191781,0.191780822,0.01369863,0,0.178082192,0.328767123,0.01369863,0,0.02739726,0.01369863,0.095890411,0.02739726,0.02739726,0.02739726,0.01369863,0,0.02739726,0.01369863,0,0,0.01369863,0.205479452,0.123287671,0.082191781,0.219178082,0.150684932,0.02739726,0.02739726,0.04109589,0,0.260273973,0.232876712,0.493150685,0.04109589,0.01369863,0.054794521,0.424657534,0,0.424657534,4.931506849,0.616438356,5.547945205,0.01369863,0.205479452,0.219178082,0.205479452,0.356164384,0.561643836,0.342465753,0.520547945,0.863013699,0.369863014,0.835616438,0.095890411,0.02739726,0.123287671,0.123287671,0.068493151,0.191780822,5.876712329,7.520547945,0,0.219178082,0.109589041,0.328767123,6.794520548,0.04109589,0.02739726,0.068493151,0.054794521
78,0.176470588,0,0,0,0,0,0,0,0,0.176470588,0,0.411764706,0,0,0.647058824,0.352941176,0,0.058823529,0,0,0.176470588,0.176470588,0,0.058823529,0.352941176,0.882352941,0.058823529,0.058823529,0,0,0,0,0,0.058823529,0,0,0,0.058823529,0.058823529,0,0.529411765,0.058823529,0,0.117647059,0.058823529,0.117647059,0.058823529,0.058823529,0,0.352941176,0.235294118,0,0,0.117647059,0,0,0.764705882,0.176470588,0,0.176470588,0.176470588,0.352941176,0,0,0,0,0,0,0,0,0,0,0.352941176,0,0.117647059,0.058823529,0,0.058823529,0.058823529,0.176470588,0.235294118,0,0,0,0.058823529,0,0.058823529,0.588235294,0,0.588235294,0.058823529,0.058823529,0.117647059,0.411764706,0.588235294,1,0.411764706,1.058823529,1.470588235,0.882352941,1.294117647,0.764705882,0.176470588,0.941176471,0,0.176470588,0.176470588,1.647058824,3.941176471,0,0.176470588,0.411764706,0.588235294,2.764705882,0.058823529,0.058823529,0.117647059,0.058823529
86,0.325581395,0.325581395,0.069767442,0.023255814,0,0,0.093023256,0.023255814,0.069767442,0.76744186,0.325581395,0.093023256,0.023255814,0.11627907,0.348837209,0.325581395,0,0,0,0,0.465116279,0.348837209,0.255813953,0.139534884,0.302325581,0.674418605,0.11627907,0.23255814,0.046511628,0.023255814,0,0,0,0,0,0,0,0.023255814,0,0,0.162790698,0.069767442,0.023255814,0.046511628,0,0.023255814,0,0,0.255813953,0.441860465,0.093023256,0.023255814,0,0,0,0.023255814,0.11627907,0,0.209302326,0.325581395,0.069767442,0.209302326,0,0,0.069767442,0.139534884,0,0,0.23255814,0.11627907,0.069767442,0.046511628,0.23255814,0.139534884,0,0.023255814,0.023255814,0,0,0.023255814,0.023255814,0.348837209,0.069767442,0.418604651,0,0,0,0.860465116,0.348837209,1.209302326,0,0,0,1.069767442,0.953488372,2.023255814,0.418604651,0.930232558,1.348837209,0.162790698,0.209302326,0.162790698,0.023255814,0.186046512,0.209302326,0.325581395,0.534883721,2.837209302,5.744186047,0,0.069767442,0.209302326,0.279069767,3.279069767,0.069767442,0.162790698,0.23255814,0.023255814
83,0.283950617,0.074074074,0.067901235,0.018518519,0,0.030864198,0.049382716,0.024691358,0.024691358,1.987654321,1.191358025,0.413580247,0.154320988,0.018518519,0.611111111,0.617283951,0.012345679,0,0,0.00617284,0.283950617,0.62962963,0.043209877,0.00617284,0.24691358,0.697530864,0.00617284,0,0,0,0,0.00617284,0,0.00617284,0,0,0,0.024691358,0.012345679,0,0.154320988,0.024691358,0.055555556,0.012345679,0.043209877,0.018518519,0.00617284,0.055555556,0.216049383,0.401234568,0.043209877,0.018518519,0,0,0,0,0.055555556,0.00617284,0.067901235,0.12345679,0.191358025,0.345679012,0.037037037,0.049382716,0.080246914,0.074074074,0,0,0.061728395,0.24691358,0.191358025,0.055555556,0.351851852,0.092592593,0.030864198,0.043209877,0.024691358,0.092592593,0.055555556,0.018518519,0.074074074,0.092592593,0.067901235,0.160493827,0,0,0,2.401234568,1.345679012,3.74691358,0.00617284,0.061728395,0.067901235,0.586419753,1.055555556,1.641975309,0.24691358,0.697530864,0.944444444,0.117283951,0.203703704,0.055555556,0.00617284,0.061728395,0.067901235,0.12962963,0.197530864,2.209876543,5.00617284,0,0.228395062,0.401234568,0.62962963,3.907407407,0.092592593,0.098765432,0.191358025,0.228395062
73,0.045454545,0.136363636,0,0.090909091,0.045454545,0.045454545,0,0,0,0.909090909,0.5,0.227272727,0,0.227272727,0.954545455,0.090909091,0,0,0,0.045454545,0.318181818,0.590909091,0,0,0.136363636,1.772727273,0,0,0.090909091,0.090909091,0,0.136363636,0,0.045454545,0,0,0,0,0,0,0.136363636,0,0.045454545,0.090909091,0.318181818,0.318181818,0.045454545,0.136363636,0.181818182,0.954545455,0,0.045454545,0.045454545,0.090909091,0,0,0.136363636,0.090909091,0,0.272727273,0.272727273,0.636363636,0.045454545,0.045454545,0,0,0,0,0.318181818,0.045454545,0,0.045454545,0.5,0.045454545,0,0.045454545,0,0.090909091,0.318181818,0.318181818,0.636363636,0.227272727,0.045454545,0.272727273,0.090909091,0.045454545,0.136363636,1.136363636,0.5,1.636363636,0.045454545,0.181818182,0.227272727,0.5,1.590909091,2.090909091,0.181818182,1.863636364,2.045454545,0.590909091,1.272727273,0.227272727,0.181818182,0.409090909,0,0.409090909,0.409090909,1.272727273,5.954545455,0.045454545,0.318181818,0.727272727,1.045454545,3.636363636,0,0,0,0.045454545
79,0.066666667,0,0,0,0,0,0.266666667,0.133333333,0.133333333,2.266666667,1.066666667,0.2,0,0.066666667,0.8,0.466666667,0,0,0,0,0,0.2,0,0,0.4,2.333333333,0,0,0,0.066666667,0,0,0,0,0,0,0,0,0,0,0.533333333,0,0,0,0.2,0.066666667,0.066666667,0.2,0.266666667,0.4,0,0,0.066666667,0,0,0,0.066666667,0.066666667,0,0.2,0,0.133333333,0.066666667,0,0,0,0,0,0,0.333333333,0.2,0.133333333,0.2,0.133333333,0,0,0,0,0.2,0.066666667,0.266666667,0,0,0,0.2,0,0.2,2.466666667,1.066666667,3.533333333,0.066666667,0.2,0.266666667,0.266666667,0.6,0.866666667,0.466666667,2.333333333,2.8,0.333333333,0.733333333,0.066666667,0.133333333,0.2,0,0.2,0.2,3.266666667,7.6,0,0.066666667,0.133333333,0.2,4.4,0,0,0,0.2
86,0.48,0.72,0,0.04,0,0.04,0,0,0,0.8,0.16,0.24,0.08,0.08,0.92,1.28,0.2,0.12,0.24,0.36,0.12,0.16,0,0,0.92,1.2,0.16,0,0.48,0.32,0.04,0,0.28,0.36,0.16,0.04,0.04,0,0,0,0.32,0,0,0.04,0.04,0,0,0.04,0.12,0.28,0,0,0,0.12,0,0,0.36,0.2,0,0.08,0.2,0.16,0.04,0,0,0,0.04,0,0,0,0,0,0.68,0,0.08,0,0,0,0.24,0.12,0.36,0.76,0,0.76,0.04,0,0.04,1.04,0.24,1.28,0.24,0.4,0.64,0.24,0.44,0.68,1.08,1.32,2.4,1.32,2.36,0.84,0.52,1.36,0.04,0.08,0.12,3.92,6.56,0,0.68,0.56,1.24,5.32,0.08,0,0.08,0.12
78,0.533333333,0,0,0.066666667,0,0,0,0,0,0.133333333,0.133333333,0.066666667,0.133333333,0.333333333,1,0.6,0.4,0.733333333,0.066666667,0.466666667,0.2,0.666666667,0,0.066666667,0.666666667,1.133333333,0,0,0.066666667,0,0,0,0,0,0,0,0,0,0,0,0.533333333,0.066666667,0,0.066666667,0.466666667,0.2,0,0,0.666666667,0.866666667,0,0,0,0,0,0,0.333333333,0,0.133333333,0.2,0.066666667,0.133333333,0,0,0,0,0,0,0.133333333,0,0,0,1.666666667,0,0,0,0,0.066666667,0.866666667,0.933333333,1.8,0.066666667,0,0.066666667,0,0,0,0.2,0.266666667,0.466666667,0.066666667,0.466666667,0.533333333,0.866666667,1.6,2.466666667,0.666666667,1.133333333,1.8,1.333333333,2.733333333,0.4,0,0.4,0.133333333,0.2,0.333333333,2,5.333333333,0,0.066666667,0.133333333,0.2,3.933333333,0,0,0,0
85,0.275,0.266666667,0.075,0.275,0.1,0,0.141666667,0.091666667,0.05,1.025,0.325,0.475,0.033333333,0.016666667,0.725,1.166666667,0.283333333,0.075,0.05,0.241666667,0.8,0.833333333,0.016666667,0.033333333,0.041666667,0.241666667,0,0,0.183333333,0.058333333,0.075,0.258333333,0.833333333,0.883333333,0.008333333,0.075,0.125,0.05,0.008333333,0,0.258333333,0,0.033333333,0.033333333,0.133333333,0.058333333,0.05,0.05,0.4,0.85,0.016666667,0,1.4,3.516666667,0.025,0.016666667,0.166666667,0.05,0.016666667,0.041666667,0.041666667,0.241666667,0,0,0.15,0.3,0.016666667,0,0.008333333,0.175,0.141666667,0.033333333,0.475,0.058333333,0.008333333,0.033333333,0.016666667,0.041666667,0.416666667,0.133333333,0.55,0.541666667,0.175,0.716666667,0.083333333,0.075,0.158333333,1.5,0.358333333,1.858333333,0.1,0.291666667,0.391666667,1.233333333,1.716666667,2.95,1.466666667,3.775,5.241666667,0.866666667,1.4,0.35,0.108333333,0.458333333,0.091666667,0.3,0.391666667,4.625,12.14166667,0.008333333,0.883333333,1.2,2.083333333,7.475,0.3,0.35,0.65,0.275
88,0.071428571,0.035714286,0,0.035714286,0,0,0.071428571,0,0.071428571,1.107142857,0.071428571,0.5,0,0,1.214285714,0.5,0.285714286,0.107142857,0.107142857,0.035714286,0.428571429,0.178571429,0.035714286,0,1.071428571,0.785714286,0,0,0.035714286,0,0.035714286,0,0,0,0,0,0.107142857,0.035714286,0.035714286,0,0.571428571,0.107142857,0.142857143,0.392857143,0.642857143,0.178571429,0.142857143,0.321428571,0.464285714,0.214285714,0,0,0.107142857,0.035714286,0,0,0.428571429,0.107142857,0.071428571,0.214285714,0.857142857,0.464285714,0.035714286,0.035714286,0.321428571,0,0,0,0,0.035714286,0,0.035714286,0.928571429,0.214285714,0,0.107142857,0,0.107142857,0.928571429,0.285714286,1.214285714,0.071428571,0,0.071428571,0.678571429,0.035714286,0.714285714,1.607142857,0.071428571,1.678571429,0.25,0.357142857,0.607142857,0.928571429,0.392857143,1.321428571,1.178571429,0.821428571,2,1.642857143,2.392857143,0.464285714,0.107142857,0.571428571,0.107142857,0.214285714,0.321428571,3.678571429,5.678571429,0.035714286,0.892857143,0.5,1.392857143,8.571428571,0.464285714,0.035714286,0.5,0.214285714
80,0.2,0.033333333,0,0,0,0.1,0,0,0,0.166666667,0.1,0,0,0.033333333,0.766666667,0.8,0.1,0.1,0.1,0.3,0.4,0.433333333,0,0.033333333,0,0.033333333,0,0,0.033333333,0,0,0.066666667,1.566666667,2.166666667,0,0.033333333,0,0,0,0,0.633333333,0.066666667,0,0,0,0,0,0.033333333,0.3,0.733333333,0,0,0.866666667,2.833333333,0,0.066666667,0.166666667,0,0,0.1,0.033333333,0.033333333,0,0,0.033333333,0.033333333,0,0.033333333,0.2,0,0,0,0.566666667,0,0.033333333,0,0.033333333,0,0.1,0.1,0.2,0.033333333,0,0.033333333,0,0,0,0.166666667,0.1,0.266666667,0.1,0.333333333,0.433333333,0.7,1.2,1.9,0.866666667,2.933333333,3.8,0.4,0.833333333,0.2,0,0.2,0,0.166666667,0.166666667,3.233333333,9.7,0,1.6,2.233333333,3.833333333,3.9,0.033333333,0.066666667,0.1,0.166666667
72,0.066666667,0.066666667,0,0,0,0,0,0,0,0.066666667,0,0.2,0,0,0,0.066666667,0.266666667,0,0.066666667,0,0,0.133333333,0,0,0.066666667,0.066666667,0,0,0,0,0,0,0,0.066666667,0,0,0,0,0,0,0,0,0,0,0,0,0,0.2,0,0,0,0,0,0.066666667,0,0,0.266666667,0,0,0,0,0,0,0,0,0,0,0,0,0,0,0,0,0.066666667,0.133333333,0,0.066666667,0,0.266666667,0,0.266666667,0.066666667,0,0.066666667,0,0,0,0.266666667,0,0.266666667,0.066666667,0.2,0.266666667,0,0.133333333,0.133333333,0.066666667,0.133333333,0.2,0.6,0.8,0.266666667,0,0.266666667,0,0,0,0.4,0.733333333,0,0,0.066666667,0.066666667,1,0,0,0,0
68,0.333333333,0,0,0,0,0,0,0,0,0,0,0,0,0.133333333,0.4,0.466666667,0,0,0,0,0.066666667,0.533333333,0,0.066666667,0,0.4,0,0,0,0,0,0,0,0.066666667,0,0,0,0,0,0,0.266666667,0.066666667,0,0,0,0,0,0,0,0.866666667,0,0.066666667,0,0.066666667,0,0.066666667,0,0,0,0,0,0.066666667,0,0.066666667,0,0.066666667,0,0,0,0.066666667,0.066666667,0,0.2,0,0,0.066666667,0,0,0,0,0,0,0,0,0,0,0,0,0,0,0,0,0,0.066666667,1.533333333,1.6,0,0.533333333,0.533333333,0,0,0,0,0,0,0,0,0.066666667,2.4,0,0,0.2,0.2,0.266666667,0,0.066666667,0.066666667,0
71,0.066666667,0,0,0,0,0.066666667,0,0,0,0.066666667,0.133333333,0,0,0.066666667,0.4,0.333333333,0,0.066666667,0,0,0.2,0.266666667,0,0,0.266666667,0.933333333,0,0,0.066666667,0,0,0,0,0,0,0,0,0,0,0,0.066666667,0,0,0,0,0,0,0.066666667,0,0.266666667,0,0,0,0,0,0,0.066666667,0.066666667,0,0.2,0.133333333,0.266666667,0.066666667,0,0.066666667,0.266666667,0.066666667,0.133333333,0,0.066666667,0.066666667,0,0.066666667,0.133333333,0.066666667,0,0,0,0,0.066666667,0.066666667,0,0,0,0.066666667,0,0.066666667,0.066666667,0.133333333,0.2,0,0.066666667,0.066666667,0.2,0.533333333,0.733333333,0.266666667,0.933333333,1.2,0.133333333,0.333333333,0.133333333,0.066666667,0.2,0,0.2,0.2,0.866666667,3.333333333,0,0.2,0.266666667,0.466666667,1.2,0.133333333,0.4,0.533333333,0
82,0.066666667,0.066666667,0,0.266666667,0,0,0.2,0.066666667,0.133333333,5.866666667,0.733333333,1.333333333,0.066666667,0,0.2,1,0,0,0,0,0.066666667,0.2,0.066666667,0,0,0.066666667,0,0,0.066666667,0.066666667,0.133333333,0.133333333,0.066666667,0.4,0,0,0.133333333,0.066666667,0.066666667,0,0.266666667,0,0,0,0,0.066666667,0,0.133333333,0.066666667,0.133333333,0,0,0.066666667,0.866666667,0.066666667,0,0,0.133333333,0,0,0,0,0,0,0,0,0,0,0,0,0,0,0.666666667,0,0,0,0,0,0,0.066666667,0.066666667,0.333333333,0,0.333333333,0.333333333,0,0.333333333,7.2,0.8,8,0,0.133333333,0.133333333,0.2,0.333333333,0.533333333,0.133333333,0.933333333,1.066666667,0.066666667,0.466666667,0.066666667,0.2,0.266666667,0.133333333,0.133333333,0.266666667,8.266666667,10.93333333,0,0.066666667,0.4,0.466666667,8.8,0.2,0.066666667,0.266666667,0
82,0.428571429,0,0.047619048,0,0,0,0.071428571,0,0.071428571,1.523809524,0.952380952,0.047619048,0,0.047619048,0.571428571,0.666666667,0.333333333,0.19047619,0.142857143,0.166666667,0.285714286,0.523809524,0.023809524,0,0.214285714,0.833333333,0,0.023809524,0.476190476,0.428571429,0.023809524,0.142857143,0.119047619,0.166666667,0,0,0,0,0,0,0.285714286,0.047619048,0.023809524,0.071428571,0.023809524,0.023809524,0,0,0.142857143,0.476190476,0.023809524,0,0.142857143,0.071428571,0,0,0.380952381,0.333333333,0.047619048,0.119047619,0.595238095,0.761904762,0.023809524,0.023809524,0,0,0,0,0,0.19047619,0.142857143,0.047619048,0.119047619,0.119047619,0,0.023809524,0,0,0.357142857,0.214285714,0.571428571,0,0.047619048,0.047619048,0.047619048,0,0.047619048,1.571428571,0.952380952,2.523809524,0.142857143,0.166666667,0.30952381,0.476190476,1,1.476190476,0.357142857,0.928571429,1.285714286,1.357142857,2.5,0.857142857,0.761904762,1.619047619,0.071428571,0.261904762,0.333333333,1.857142857,5.142857143,0.023809524,0.738095238,0.952380952,1.69047619,5,0,0,0,0.047619048
83,0,0,0,0,0,0,0,0,0,0.733333333,0.133333333,0.133333333,0.066666667,0,0,0,0.066666667,0,0,0,0.133333333,0.133333333,0,0,0.8,0.6,0,0,0,0.066666667,0,0,0,0.066666667,0,0,0,0.133333333,0,0,0,0,0.066666667,0,0,0,0,0,0,0.2,0,0,0,0,0,0,0,0.066666667,0,0,0.2,0.4,0,0,0.066666667,0.066666667,0,0,0,0,0,0,0,0,0,0,0.2,0,0.066666667,0,0.066666667,0,0,0,0,0,0,0.866666667,0.2,1.066666667,0,0,0,0.133333333,0.333333333,0.466666667,0.8,0.6,1.4,0.066666667,0.2,0,0.133333333,0.133333333,0,0,0,2.066666667,3.866666667,0,0.2,0.466666667,0.666666667,2.2,0.066666667,0.2,0.266666667,0
86,0.337931034,0.324137931,0.04137931,0.35862069,0.04137931,0.062068966,0.020689655,0.006896552,0.013793103,0.606896552,0.131034483,0.420689655,0.075862069,0.089655172,0.165517241,0.44137931,0.234482759,0.075862069,0.089655172,0.124137931,0.379310345,0.462068966,0.055172414,0.04137931,0.613793103,0.903448276,0.124137931,0.062068966,0.289655172,0.096551724,0.013793103,0,0.075862069,0.048275862,0,0.006896552,0.048275862,0.075862069,0.04137931,0.020689655,0.537931034,0.020689655,0.034482759,0.048275862,0.034482759,0.020689655,0.006896552,0.020689655,0.151724138,0.124137931,0.006896552,0.034482759,0.020689655,0.062068966,0,0,0.427586207,0.137931034,0.055172414,0.027586207,0.310344828,0.275862069,0,0.006896552,0.068965517,0.068965517,0.013793103,0.006896552,0.055172414,0.006896552,0.006896552,0,0.275862069,0.006896552,0.013793103,0,0.020689655,0.013793103,0.268965517,0.096551724,0.365517241,0.682758621,0.082758621,0.765517241,0.034482759,0,0.034482759,1.027586207,0.206896552,1.234482759,0.096551724,0.144827586,0.24137931,0.593103448,0.662068966,1.255172414,0.786206897,1.013793103,1.8,1.082758621,1.55862069,0.717241379,0.234482759,0.951724138,0.068965517,0.027586207,0.096551724,3.703448276,6.2,0.006896552,0.386206897,0.337931034,0.724137931,4.593103448,0.172413793,0.172413793,0.344827586,0.027586207
73,0.173913043,0.02173913,0.02173913,0,0,0,0,0,0,0.282608696,0.47826087,0.130434783,0.02173913,0.086956522,0.456521739,0.282608696,0.043478261,0.065217391,0.02173913,0,0.217391304,0.52173913,0,0,0.52173913,2.326086957,0,0,0.086956522,0,0.02173913,0,0.02173913,0,0,0,0,0,0,0,0.717391304,0,0,0.043478261,0.304347826,0.260869565,0,0.065217391,0.282608696,0.413043478,0.02173913,0,0,0,0,0,0.217391304,0.086956522,0.043478261,0.065217391,0.391304348,0.434782609,0.02173913,0,0.02173913,0.065217391,0.02173913,0,0.043478261,0.043478261,0.043478261,0,0.260869565,0.02173913,0.02173913,0.065217391,0,0.108695652,0.347826087,0.326086957,0.673913043,0.02173913,0.02173913,0.043478261,0.065217391,0.065217391,0.130434783,0.413043478,0.5,0.913043478,0.02173913,0.065217391,0.086956522,0.52173913,0.934782609,1.456521739,0.52173913,2.326086957,2.847826087,0.673913043,1.152173913,0.304347826,0.086956522,0.391304348,0.065217391,0.065217391,0.130434783,1.608695652,5.369565217,0,0.434782609,0.434782609,0.869565217,2.869565217,0.043478261,0.065217391,0.108695652,0.260869565
78,0.283333333,0.066666667,0.083333333,0.05,0.05,0,0.05,0.05,0,1.166666667,0.65,0.466666667,0.083333333,0,0.316666667,0.366666667,0.133333333,0.166666667,0.066666667,0.05,0.166666667,0.333333333,0,0,0.416666667,2,0.066666667,0,0.25,0.2,0,0.016666667,0.016666667,0,0,0,0,0.05,0,0,0.816666667,0.033333333,0.016666667,0.016666667,0,0.166666667,0,0.033333333,0.183333333,0.383333333,0,0,0.016666667,0,0,0.016666667,0.433333333,0.166666667,0.016666667,0.05,0.1,0.65,0.016666667,0.016666667,0.066666667,0.083333333,0,0,0.033333333,0.1,0.05,0.05,0.15,0.016666667,0,0,0,0.016666667,0.133333333,0.333333333,0.466666667,0.116666667,0.133333333,0.25,0,0,0,1.633333333,0.733333333,2.366666667,0.066666667,0.083333333,0.15,0.35,0.716666667,1.066666667,0.5,2.016666667,2.516666667,0.883333333,1.666666667,0.683333333,0.366666667,1.05,0.016666667,0.066666667,0.083333333,1.866666667,5.633333333,0,0.133333333,0.666666667,0.8,4.166666667,0.066666667,0.133333333,0.2,0.1
69,0.4,0.266666667,0,0.066666667,0,0.066666667,0.2,0.066666667,0.133333333,1.4,0.266666667,0.533333333,0,0,0.4,0.6,0,0,0,0.066666667,0.066666667,0.466666667,0,0,0,0.866666667,0,0.066666667,0.066666667,0,0.066666667,0,0,0,0,0,0.066666667,0,0,0,0.133333333,0,0,0.266666667,0.066666667,0.066666667,0,0.066666667,0.133333333,0.533333333,0,0,0.133333333,0.2,0.066666667,0,0.066666667,0,0.2,0.333333333,0.666666667,0.6,0,0.066666667,0,0,0.133333333,0,0.133333333,0.266666667,0.066666667,0.2,0.333333333,0.066666667,0,0.066666667,0,0.066666667,0.066666667,0.066666667,0.133333333,0.333333333,0,0.333333333,0,0,0,1.933333333,0.266666667,2.2,0,0.133333333,0.133333333,0.2,1,1.2,0.2,1.133333333,1.333333333,0.2,0.4,0.133333333,0,0.133333333,0.266666667,0.333333333,0.6,3.8,7.2,0,0.666666667,0.666666667,1.333333333,4.533333333,0.2,0,0.2,0.133333333
64,0.066666667,0,0,0,0,0,0,0,0,0.133333333,0.2,0,0,0,0.466666667,0,0.2,0,0,0.066666667,0.066666667,0.333333333,0,0,0,0,0,0,0.2,0,0,0,0.133333333,0.6,0,0,0,0,0,0,0.066666667,0,0,0,0,0,0,0,0,0.466666667,0,0,0,0.666666667,0,0,0,0,0,0,0,0,0,0,0,0,0,0,0.066666667,0,0,0,0.066666667,0.2,0,0,0,0,0.2,0,0.2,0,0,0,0,0,0,0.133333333,0.2,0.333333333,0,0.066666667,0.066666667,0.066666667,0.8,0.866666667,0,0.666666667,0.666666667,0.4,0.466666667,0.2,0,0.2,0,0,0,0.333333333,2.6,0,0.133333333,0.6,0.733333333,1.4,0,0,0,0
68,0,0.066666667,0,0,0,0.066666667,0,0,0,0.133333333,0.066666667,0,0,0,0.733333333,0.466666667,0,0,0,0.2,0.6,1.133333333,0,0,0.4,0.466666667,0,0,0.066666667,0.066666667,0,0,0,0,0,0,0,0,0,0,1.333333333,0,0,0,0,0,0,0.266666667,0,0.533333333,0,0,0,0,0,0,0.666666667,0.2,0.066666667,0.4,0.2,1,0.066666667,0.066666667,0,0.133333333,0,0,0.266666667,0.066666667,0,0.066666667,0.2,0,0.066666667,0,0.066666667,0,0,0,0,0.066666667,0,0.066666667,0,0,0,0.133333333,0.066666667,0.2,0,0.466666667,0.466666667,0.6,1.666666667,2.266666667,0.4,0.466666667,0.866666667,0.733333333,1.466666667,0.733333333,0.266666667,1,0.066666667,0.4,0.466666667,1.533333333,5.333333333,0,0.266666667,1.066666667,1.333333333,2.533333333,0,0.133333333,0.133333333,0
73,0.25974026,0.051948052,0,0.077922078,0,0.051948052,0,0,0,0.207792208,0.155844156,0.064935065,0.012987013,0,0.532467532,0.584415584,0.051948052,0.012987013,0.038961039,0.116883117,0.207792208,0.207792208,0,0,0.012987013,0.012987013,0,0,0.220779221,0.012987013,0.038961039,0.051948052,0.649350649,0.285714286,0.038961039,0.012987013,0.142857143,0.038961039,0.025974026,0,0.636363636,0.025974026,0.038961039,0.285714286,0.064935065,0.012987013,0,0.012987013,0.142857143,0.103896104,0,0,0.896103896,1.948051948,0.051948052,0,0.194805195,0.012987013,0,0,0.012987013,0,0,0,0.077922078,0.038961039,0,0,0.116883117,0.025974026,0,0.025974026,0.441558442,0.012987013,0.103896104,0.025974026,0.038961039,0.025974026,0.116883117,0.025974026,0.142857143,0.12987013,0,0.12987013,0.25974026,0.038961039,0.298701299,0.272727273,0.168831169,0.441558442,0.038961039,0.12987013,0.168831169,0.350649351,0.311688312,0.662337662,0.961038961,1.961038961,2.922077922,0.571428571,0.753246753,0.415584416,0.025974026,0.441558442,0.038961039,0.051948052,0.090909091,2.558441558,5.298701299,0,0.701298701,0.298701299,1,3.779220779,0.246753247,0.077922078,0.324675325,0.207792208
89,0.083333333,0.125,0,0,0,0.041666667,0,0,0,1.791666667,0.958333333,0.125,0.041666667,0,0.833333333,0.208333333,0.041666667,0,0,0,0.416666667,0.416666667,0.125,0,0.583333333,1.416666667,0,0.041666667,0,0,0,0,0.333333333,0.208333333,0.041666667,0,0,0,0,0,0.041666667,0.041666667,0.041666667,0.041666667,0.041666667,0,0,0.083333333,0.208333333,0.333333333,0.041666667,0,0.041666667,1.041666667,0,0,0.083333333,0,0,0,0.125,0.166666667,0,0,0.125,0.208333333,0,0,0.291666667,0,0,0,0.333333333,0.083333333,0.041666667,0.041666667,0.125,0.041666667,0.083333333,0,0.083333333,0.125,0,0.125,0.125,0.125,0.25,1.916666667,1,2.916666667,0,0.083333333,0.083333333,0.791666667,0.75,1.541666667,0.625,2.5,3.125,0.166666667,0.25,0.083333333,0,0.083333333,0,0,0,2.166666667,6.041666667,0,0.5,0.375,0.875,4.875,0.125,0.208333333,0.333333333,0
75,0.163636364,0.190909091,0.254545455,0.154545455,0.127272727,0.036363636,0.045454545,0.018181818,0.027272727,1.772727273,1.154545455,0.3,0.163636364,0.036363636,0.272727273,0.254545455,0.009090909,0.009090909,0,0.045454545,0.336363636,0.672727273,0.054545455,0.027272727,0.472727273,0.772727273,0,0.009090909,0.081818182,0,0,0.027272727,0.009090909,0,0,0,0,0,0,0,0.345454545,0,0.018181818,0.009090909,0.045454545,0.072727273,0.018181818,0.045454545,0.218181818,0.445454545,0.2,0.109090909,0,0,0,0.009090909,0.390909091,0.1,0,0.109090909,0.109090909,0.218181818,0.054545455,0.118181818,0.045454545,0.027272727,0,0.009090909,0.045454545,0.072727273,0.063636364,0.009090909,0.145454545,0.036363636,0.018181818,0.009090909,0.036363636,0,0.054545455,0.081818182,0.136363636,0.345454545,0.381818182,0.727272727,0,0,0,2.072727273,1.318181818,3.390909091,0.018181818,0.090909091,0.109090909,0.809090909,1.254545455,2.063636364,0.472727273,0.790909091,1.263636364,0.545454545,0.818181818,0.472727273,0.1,0.572727273,0,0.136363636,0.136363636,3.881818182,8.1,0,0.172727273,0.336363636,0.509090909,4.618181818,0.045454545,0.036363636,0.081818182,0.063636364
77,0,0.173913043,0.130434783,0.043478261,0,0.043478261,0,0,0,0,0,0,0,0,0.173913043,1.565217391,0,0,0,0.043478261,0.260869565,0.826086957,0,0.043478261,0.217391304,1.086956522,0.086956522,0.217391304,0.260869565,0.130434783,0,0.043478261,0,0,0,0,0,0,0,0,0.304347826,0.043478261,0.043478261,0,0.086956522,0.043478261,0,0,0,0.260869565,0,0,0,0,0,0,0.217391304,0.304347826,0.043478261,0.130434783,0.130434783,0.565217391,0,0,0,0.173913043,0,0,0.086956522,0.043478261,0.043478261,0,0.217391304,0,0,0,0,0.043478261,0.086956522,0.043478261,0.130434783,0.217391304,0.130434783,0.347826087,0,0,0,0,0,0,0,0.043478261,0.043478261,0.260869565,1.130434783,1.391304348,0.304347826,1.304347826,1.608695652,0.565217391,1.086956522,0.47826087,0.434782609,0.913043478,0.043478261,0.173913043,0.217391304,0.956521739,4.434782609,0,0.130434783,0.565217391,0.695652174,1.565217391,0,0.173913043,0.173913043,0.043478261
76,0.066666667,0.066666667,0,0.4,0,0,0.2,0.066666667,0.133333333,0,0,0,0,0,0.4,0.733333333,0.133333333,0.066666667,0,0,0.066666667,0.466666667,0,0.066666667,0,0.066666667,0,0,0.666666667,0.2,0.066666667,0.266666667,0.266666667,0.133333333,0.066666667,0,0.066666667,0.066666667,0.2,0.066666667,1.333333333,0,0,0.133333333,0,0,0,0,0.066666667,0.4,0.066666667,0,0.6,2.866666667,0,0.133333333,0.266666667,0,0.066666667,0.133333333,0,0,0,0,0.066666667,0,0.2,0,0,0,0,0,0.733333333,0,0,0,0.066666667,0,0.133333333,0.066666667,0.2,0.466666667,0,0.466666667,0.333333333,0,0.333333333,0,0,0,0,0,0,0.2,0.933333333,1.133333333,0.6,3.066666667,3.666666667,1.066666667,1.333333333,0.933333333,0.2,1.133333333,0.133333333,0.4,0.533333333,2.266666667,6.933333333,0,0.333333333,0.133333333,0.466666667,4.866666667,0.533333333,0.133333333,0.666666667,0
67,0.066666667,0,0,0,0,0,0.066666667,0.066666667,0,0,0,0,0,0,2.333333333,1.4,0.066666667,0.066666667,0,0.066666667,0,0.066666667,0,0,0.133333333,2.4,0,0,0.066666667,0,0,0,0,0,0,0,0,0,0,0,0.466666667,0,0,0,0.266666667,0.266666667,0,0.2,0,0.2,0,0,0,0,0,0,0.133333333,0.133333333,0,0.066666667,0.2,0.4,0,0,0,0,0,0,0,0.066666667,0,0.066666667,0.2,0,0,0,0,0,0.333333333,0.333333333,0.666666667,0,0,0,0.066666667,0.066666667,0.133333333,0,0,0,0,0.266666667,0.266666667,0,0.266666667,0.266666667,0.133333333,2.4,2.533333333,0.533333333,1.266666667,0.2,0.133333333,0.333333333,0,0.066666667,0.066666667,0.333333333,3.466666667,0.066666667,0.2,0.4,0.6,1.333333333,0,0,0,0.066666667
92,0.261146497,0.089171975,0.01910828,0.095541401,0.050955414,0.025477707,0.025477707,0.01910828,0.006369427,1.01910828,0.52866242,0.191082803,0.063694268,0.012738854,0.222929936,0.146496815,0.305732484,0.159235669,0.076433121,0.082802548,0.159235669,0.299363057,0.006369427,0.006369427,0.070063694,0.191082803,0.006369427,0.006369427,0.089171975,0.01910828,0.01910828,0.01910828,0.203821656,0.178343949,0.050955414,0.012738854,0,0.01910828,0,0,0.484076433,0.038216561,0.012738854,0.025477707,0.025477707,0.025477707,0.006369427,0.01910828,0.312101911,0.694267516,0.006369427,0.006369427,0.261146497,0.47133758,0.01910828,0.031847134,0.184713376,0.076433121,0,0.025477707,0.01910828,0.063694268,0,0,0.057324841,0.076433121,0.006369427,0,0.044585987,0.057324841,0.044585987,0.012738854,0.146496815,0,0.006369427,0.012738854,0.006369427,0.012738854,0.331210191,0.184713376,0.515923567,0.184713376,0.070063694,0.25477707,0.012738854,0,0.012738854,1.210191083,0.592356688,1.802547771,0.082802548,0.101910828,0.184713376,0.484076433,1.006369427,1.49044586,0.356687898,0.700636943,1.057324841,0.687898089,1.070063694,0.27388535,0.095541401,0.369426752,0.01910828,0.044585987,0.063694268,2.433121019,4.936305732,0,0.27388535,0.25477707,0.52866242,3.853503185,0.063694268,0.095541401,0.159235669,0.031847134
73,0.68,0.02,0.04,0,0,0,0.06,0.04,0.02,0,0,0,0,0.04,0.76,0.86,0.02,0,0,0.02,0.58,1.28,0.02,0.02,1.74,5.16,0.12,0.14,0.02,0,0.04,0.16,0,0.06,0,0,0.02,0,0,0,1.22,0,0,0.14,0.04,0,0.02,0.12,0.2,0.8,0,0.04,0,0.02,0,0,0.78,0.16,0.06,0.32,0.54,1.48,0.02,0.08,0,0,0,0,0,0.1,0.08,0.02,0.84,0,0,0.02,0,0.04,0.06,0,0.06,0.02,0.04,0.06,0,0,0,0,0,0,0.02,0.14,0.16,0.8,2.14,2.94,1.86,5.32,7.18,0.88,1.18,0.8,0.16,0.96,0.1,0.48,0.58,3.36,12.96,0,0.56,1.62,2.18,4.26,0.02,0,0.02,0.02
81,0.136363636,0.272727273,0.106060606,0.015151515,0.03030303,0.060606061,0.015151515,0,0.015151515,0.545454545,0.409090909,0.015151515,0,0.015151515,0.772727273,0.772727273,0.151515152,0.045454545,0,0.045454545,0.257575758,0.424242424,0.015151515,0,0.333333333,0.833333333,0.015151515,0.03030303,0.196969697,0.075757576,0.015151515,0.03030303,0.106060606,0.060606061,0,0,0,0.015151515,0.015151515,0,0.03030303,0.015151515,0.015151515,0.060606061,0.363636364,0.121212121,0,0.106060606,0.166666667,0.454545455,0,0.015151515,0.045454545,0.196969697,0,0,0.46969697,0.181818182,0.106060606,0.181818182,0.136363636,0.227272727,0.03030303,0,0,0,0,0,0.227272727,0.03030303,0.015151515,0.015151515,0.333333333,0,0.060606061,0.03030303,0.045454545,0.045454545,0.515151515,0.166666667,0.681818182,0.287878788,0.136363636,0.424242424,0.090909091,0.03030303,0.121212121,0.560606061,0.409090909,0.96969697,0,0.151515152,0.151515152,0.439393939,0.893939394,1.333333333,0.393939394,1.060606061,1.454545455,1.181818182,1.757575758,0.666666667,0.257575758,0.924242424,0.121212121,0.212121212,0.333333333,1.621212121,4.257575758,0,0.272727273,0.287878788,0.560606061,3.893939394,0.015151515,0.015151515,0.03030303,0.090909091
77,0.133333333,0,0,0,0,0,0,0,0,0,0,0,0,0,0.6,1.666666667,0.6,0.4,0,0,0.733333333,1.666666667,0,0.266666667,0.8,1.866666667,0.066666667,0.266666667,0.266666667,0.2,0,0.133333333,0.133333333,0.066666667,0,0,0.066666667,0,0,0,0.733333333,0,0.066666667,0.2,0.466666667,0,0.066666667,0,0.066666667,0.8,0.066666667,0.066666667,0.066666667,0.066666667,0,0,0.466666667,0.133333333,0.266666667,0.6,0.4,0.666666667,0,0.066666667,0,0.066666667,0,0,0.066666667,0,0,0,0.2,0,0,0,0.066666667,0,1.066666667,0.4,1.466666667,0,0,0,0,0,0,0,0,0,0.066666667,0,0.066666667,0.866666667,2.8,3.666666667,0.933333333,2.2,3.133333333,1.866666667,2.6,0.733333333,0.333333333,1.066666667,0.266666667,0.733333333,1,2.666666667,9.266666667,0,0.533333333,0.8,1.333333333,4.8,0.066666667,0.066666667,0.133333333,0.066666667
81,0.066666667,0,0,0,0,0.133333333,0,0,0,0,0,0,0,0,1.466666667,3.733333333,0.666666667,0.533333333,0,0.2,0.266666667,0.733333333,0,0,0.866666667,4.2,0,0.066666667,0.666666667,0.2,0,0,0,0,0,0,0,0,0,0,0.666666667,0,0.066666667,0.133333333,0.333333333,0.066666667,0,0.066666667,0.4,1.333333333,0,0.066666667,0,0,0,0,1.8,0.4,0.2,0.733333333,0.266666667,0.733333333,0.2,0.133333333,0,0.266666667,0,0,0,0,0,0,0.8,0,0,0,0,0,1,0.6,1.6,0,0,0,0,0,0,0,0,0,0,0.266666667,0.266666667,0.666666667,2.133333333,2.8,0.866666667,4.266666667,5.133333333,3.466666667,4.933333333,2.466666667,0.6,3.066666667,0.2,0.733333333,0.933333333,2.2,10.46666667,0,0.466666667,0.866666667,1.333333333,5.666666667,0,0.266666667,0.266666667,0
82,0.333333333,0.666666667,0.433333333,0.133333333,0.2,0.066666667,0.033333333,0.033333333,0,0,0,0.033333333,0,0.033333333,0.933333333,0.966666667,0.033333333,0.033333333,0,0.033333333,0.233333333,0.933333333,0.1,0.033333333,0.266666667,1.1,0,0,0.233333333,0.166666667,0,0.1,0,0.166666667,0,0.033333333,0.066666667,0.1,0,0,0.333333333,0,0,0.033333333,0.033333333,0.066666667,0,0.333333333,0.1,1.066666667,0,0.033333333,0,0.3,0,0,0.733333333,0.266666667,0,0.233333333,0.1,0.466666667,0,0,0,0,0,0,0.066666667,0.066666667,0.066666667,0,0.333333333,0,0,0.033333333,0.066666667,0.033333333,0.066666667,0.1,0.166666667,0.8,0.633333333,1.433333333,0.033333333,0,0.033333333,0.033333333,0,0.033333333,0,0.366666667,0.366666667,0.433333333,2.066666667,2.5,0.266666667,1.4,1.666666667,1.033333333,1.933333333,0.966666667,0.433333333,1.4,0,0.333333333,0.333333333,1.666666667,6.6,0,0.1,0.666666667,0.766666667,3.1,0.066666667,0.1,0.166666667,0.1
82,0,0.2,0.066666667,0,0,0.066666667,0,0,0,0.666666667,0.266666667,0,0.066666667,0,0.733333333,0.133333333,0.2,0,0.066666667,0.133333333,0.2,0.533333333,0,0,0.133333333,0.333333333,0,0,0,0,0,0,0,0,0,0,0,0,0,0,0,0,0,0.066666667,0,0,0,0,0.133333333,0,0,0,0,0.333333333,0,0,0.2,0,0,0.066666667,0,0.066666667,0,0,0,0,0,0,0.133333333,0.2,0.2,0,0,0.133333333,0.133333333,0,0.133333333,0.066666667,0.2,0,0.2,0.2,0.066666667,0.266666667,0,0,0,0.666666667,0.333333333,1,0.066666667,0.133333333,0.2,0.333333333,0.533333333,0.866666667,0.133333333,0.666666667,0.8,0.466666667,0.6,0.2,0,0.2,0,0.066666667,0.066666667,1.333333333,3.066666667,0,0,0.066666667,0.066666667,2.2,0,0,0,0
70,0,0.066666667,0.066666667,0,0,0,0,0,0,1.666666667,0.4,0.133333333,0,0,0.2,0.533333333,0.133333333,0,0,0,0.2,0.333333333,0,0.066666667,0.533333333,1.2,0,0,0.066666667,0,0,0,0,0,0,0.066666667,0,0,0,0,0.266666667,0,0,0,0,0,0,0,0.066666667,0.2,0,0,0,0,0,0,0.066666667,0,0,0,0.133333333,0.266666667,0,0,0,0,0,0,0.066666667,0.066666667,0.066666667,0,0.133333333,0.133333333,0,0,0,0,0.133333333,0,0.133333333,0.066666667,0.066666667,0.133333333,0,0,0,1.8,0.4,2.2,0,0,0,0.266666667,0.6,0.866666667,0.533333333,1.2,1.733333333,0.266666667,0.266666667,0.133333333,0,0.133333333,0,0,0,2.8,5.4,0,0.133333333,0.333333333,0.466666667,3.133333333,0,0,0,0.066666667
72,0.285714286,0.485714286,0.514285714,0.228571429,0.028571429,0,0.028571429,0.028571429,0,0.514285714,0.142857143,0.057142857,0,0.057142857,0.571428571,0.228571429,0.257142857,0.257142857,0.171428571,0.2,0.542857143,0.8,0,0,0.2,0.828571429,0,0.057142857,0.257142857,0.114285714,0,0.028571429,0.028571429,0.085714286,0,0,0,0,0,0,0.542857143,0,0.028571429,0.057142857,0,0.057142857,0.142857143,0.028571429,0.428571429,0.6,0,0.028571429,0.057142857,0,0,0,0.314285714,0.2,0.028571429,0.085714286,0.142857143,0.371428571,0,0,0.085714286,0.142857143,0,0,0.057142857,0.057142857,0.057142857,0,0.285714286,0.028571429,0.028571429,0,0.057142857,0.085714286,0.257142857,0.314285714,0.571428571,0.714285714,0.542857143,1.257142857,0,0,0,0.571428571,0.142857143,0.714285714,0.314285714,0.228571429,0.542857143,0.971428571,1.428571429,2.4,0.257142857,0.885714286,1.142857143,1.142857143,2,0.571428571,0.314285714,0.885714286,0.028571429,0.114285714,0.142857143,2.742857143,6.4,0,0.171428571,0.457142857,0.628571429,4,0.085714286,0.142857143,0.228571429,0.028571429
69,0.355555556,0.333333333,0.022222222,0.244444444,0.022222222,0.133333333,0.022222222,0.022222222,0,0.555555556,0.044444444,0.022222222,0.022222222,0.2,0.955555556,2.4,0.022222222,0,0.022222222,0.066666667,0.066666667,0.288888889,0.066666667,0,0,0.088888889,0,0.022222222,0.155555556,0,0.044444444,0.022222222,0.133333333,0.222222222,0.022222222,0.044444444,0.222222222,0.066666667,0.022222222,0.022222222,0.533333333,0,0,0,0,0,0,0,0.244444444,0.288888889,0.044444444,0,0.911111111,1.511111111,0.111111111,0.044444444,0.044444444,0.044444444,0,0,0.088888889,0,0,0,0.088888889,0.088888889,0,0.022222222,0.044444444,0,0,0,1.133333333,0,0.111111111,0,0.066666667,0,0.022222222,0,0.022222222,0.577777778,0.044444444,0.622222222,0.022222222,0,0.022222222,0.577777778,0.066666667,0.644444444,0.022222222,0.066666667,0.088888889,0.422222222,0.577777778,1,1.022222222,1.666666667,2.688888889,0.244444444,0.355555556,0.2,0.044444444,0.244444444,0.044444444,0.022222222,0.066666667,3.066666667,5.888888889,0,0.244444444,0.266666667,0.511111111,3.577777778,0.333333333,0.2,0.533333333,0.533333333
73,0.073170732,0.390243902,0.073170732,0,0.024390244,0,0.048780488,0.024390244,0.024390244,1.073170732,0.195121951,0,0,0.024390244,0.195121951,0.073170732,0.024390244,0.048780488,0,0.170731707,0,0,0,0,0.073170732,0.829268293,0,0,0.097560976,0.048780488,0,0,0,0,0,0,0,0,0,0,0.195121951,0.024390244,0,0,0.170731707,0.12195122,0.024390244,0.097560976,0,0.073170732,0,0,0,0.024390244,0,0,0,0.024390244,0,0,0.024390244,0,0,0,0,0,0,0,0.024390244,0.170731707,0.12195122,0.048780488,0.073170732,0.146341463,0,0,0.048780488,0.073170732,0.195121951,0.170731707,0.365853659,0.390243902,0.097560976,0.487804878,0,0,0,1.073170732,0.195121951,1.268292683,0.024390244,0.268292683,0.292682927,0,0.073170732,0.073170732,0.073170732,0.853658537,0.926829268,0.317073171,0.829268293,0.097560976,0.073170732,0.170731707,0,0,0,0.585365854,1.682926829,0,0.024390244,0,0.024390244,2.12195122,0,0,0,0
76,0.24,0.56,0.16,0.96,0.08,0,0.12,0.12,0,0,0,0,0,0.24,0.4,1.16,0,0,0,0,0,0.04,0,0,0,0.32,0.08,0.08,0,0,0,0,0,0,0,0,0,0,0,0,1,0,0,0,0.12,0,0,0,0.12,0.2,0,0,0,0,0,0,0.36,0,0.12,0,0.16,0.08,0,0,0,0,0,0,0,0.08,0.08,0,0.32,0,0,0.04,0,0,0.12,0,0.12,1.52,0.24,1.76,0,0,0,0,0,0,0,0,0,0.12,0.24,0.36,0.08,0.4,0.48,0.48,0.48,0.36,0,0.36,0.12,0,0.12,2,2.96,0,0.16,0.08,0.24,2.48,0,0,0,0.28
79,0.104166667,0.041666667,0,0,0.041666667,0,0.145833333,0.020833333,0.125,2.1875,0.770833333,0.958333333,0.041666667,0.020833333,0.416666667,0.083333333,0.229166667,0.104166667,0.020833333,0.083333333,0.0625,0.208333333,0,0,0.25,0.666666667,0,0.020833333,0.1875,0.083333333,0,0.020833333,0.020833333,0.041666667,0,0,0.020833333,0,0,0,0.0625,0,0.0625,0.145833333,0.458333333,0.208333333,0.020833333,0.041666667,0.166666667,0.416666667,0,0,0.104166667,0.125,0,0,0.083333333,0.041666667,0.041666667,0.0625,0.229166667,0.333333333,0,0.020833333,0.020833333,0.104166667,0,0,0.125,0.104166667,0.083333333,0.020833333,0.083333333,0.041666667,0,0,0.0625,0.020833333,0.6875,0.3125,1,0.041666667,0.041666667,0.083333333,0.354166667,0.020833333,0.375,3.145833333,0.8125,3.958333333,0.041666667,0.125,0.166666667,0.229166667,0.625,0.854166667,0.354166667,0.8125,1.166666667,1,1.5625,0.270833333,0.125,0.395833333,0.041666667,0.083333333,0.125,1,3.104166667,0,0.25,0.395833333,0.645833333,5.625,0.041666667,0.104166667,0.145833333,0
76,0.398148148,0.166666667,0.064814815,0.037037037,0.027777778,0.018518519,0.018518519,0,0.018518519,0.324074074,0.203703704,0.018518519,0,0.046296296,0.314814815,0.287037037,0.305555556,0.101851852,0.018518519,0.138888889,0.157407407,0.472222222,0.027777778,0.046296296,0.092592593,0.425925926,0.018518519,0.037037037,0.62962963,0.25,0.064814815,0.12962963,0.046296296,0.037037037,0.027777778,0,0.009259259,0.027777778,0,0,0.731481481,0.027777778,0.018518519,0.027777778,0.12962963,0.037037037,0,0.101851852,0.12037037,0.175925926,0.009259259,0.009259259,0.027777778,0.333333333,0.037037037,0.027777778,0.342592593,0.175925926,0.018518519,0.037037037,0.046296296,0.148148148,0.009259259,0.037037037,0,0,0,0,0.027777778,0.101851852,0.083333333,0.018518519,0.259259259,0,0.009259259,0.009259259,0.009259259,0.009259259,0.435185185,0.138888889,0.574074074,0.203703704,0.092592593,0.296296296,0,0.009259259,0.009259259,0.342592593,0.203703704,0.546296296,0.018518519,0.240740741,0.259259259,0.314814815,0.703703704,1.018518519,0.175925926,0.824074074,1,1.425925926,2.231481481,0.972222222,0.425925926,1.398148148,0.083333333,0.166666667,0.25,0.916666667,2.981481481,0,0.12962963,0.222222222,0.351851852,2.898148148,0.009259259,0.027777778,0.037037037,0.037037037
70,0.1875,0.1875,0.0625,0,0,0,0.125,0.125,0,0,0.1875,0,0,0,0.5,0.5625,0,0.125,0.0625,0,0,0.375,0.0625,0,0,0,0,0,0.3125,0.125,0,0,0.0625,0.25,0.0625,0.0625,0,0,0,0,0.125,0,0.0625,0,0,0.0625,0,0.0625,0.1875,1,0,0,0,0.3125,0,0,0.125,0,0,0.0625,0,0,0,0,0,0.125,0,0,0.0625,0,0,0,0.25,0,0,0.1875,0,0,0,0.1875,0.1875,0.1875,0.0625,0.25,0,0,0,0,0.1875,0.1875,0.0625,0.0625,0.125,0.25,1.375,1.625,0,0.3125,0.3125,0.5,0.875,0.4375,0.125,0.5625,0,0.0625,0.0625,0.5625,3,0,0.125,0.3125,0.4375,1.5,0,0.125,0.125,0.4375
89,0.12,0.08,0,0.04,0,0,0.08,0.08,0,0.36,0.08,0.92,0,0.12,0.4,0.84,0.04,0,0,0,0.56,0.68,0.04,0,0.44,1.48,0.16,0.04,0.84,0.24,0.2,0.32,0,0,0,0,0,0.08,0,0,0.2,0.04,0.08,0.04,0.12,0.04,0,0.24,0.16,0.2,0,0,0,0.12,0,0,0.08,0,0.32,0.24,0.52,0.44,0.16,0,0.08,0.12,0.08,0,0,0.32,0.28,0.04,0.8,0,0,0.04,0,0.04,0.16,0.04,0.2,0.12,0,0.12,0.4,0.04,0.44,1.28,0.08,1.36,0,0.24,0.24,0.76,0.88,1.64,0.6,1.64,2.24,1.08,1.6,0.92,0.24,1.16,0.52,0.56,1.08,4.12,7.92,0.04,0.68,0.44,1.12,5.88,0.16,0.2,0.36,0.52
84.5,0.063829787,0.053191489,0.031914894,0.14893617,0.031914894,0.021276596,0.031914894,0.010638298,0.021276596,0.382978723,0.138297872,0.010638298,0,0,0.382978723,0.393617021,0.085106383,0.074468085,0.031914894,0.074468085,0.276595745,0.308510638,0,0,0.042553191,0.117021277,0,0,0.287234043,0.010638298,0.010638298,0.010638298,0.138297872,0.14893617,0,0,0.031914894,0.021276596,0,0,0.255319149,0.010638298,0.010638298,0.053191489,0.031914894,0,0,0,0.14893617,0.585106383,0,0,0.35106383,0.978723404,0.031914894,0,0,0,0,0,0,0.021276596,0,0,0,0,0,0,0.042553191,0.021276596,0.021276596,0,0.170212766,0,0,0.010638298,0,0.010638298,0.117021277,0.074468085,0.191489362,0.20212766,0.063829787,0.265957447,0.212765957,0.138297872,0.35106383,0.393617021,0.138297872,0.531914894,0.031914894,0.074468085,0.106382979,0.425531915,0.893617021,1.319148936,0.425531915,1.095744681,1.521276596,0.436170213,0.595744681,0.287234043,0.010638298,0.29787234,0.010638298,0.010638298,0.021276596,1.234042553,3.489361702,0,0.138297872,0.170212766,0.308510638,2.489361702,0.031914894,0.021276596,0.053191489,0.031914894
83.5,0.121428571,0.314285714,0.35,0.05,0.035714286,0.007142857,0.142857143,0.085714286,0.057142857,1.45,1.007142857,0.135714286,0.085714286,0.042857143,0.564285714,0.814285714,0.15,0.071428571,0.014285714,0.214285714,0.292857143,1.042857143,0.014285714,0.035714286,0.964285714,3.778571429,0.007142857,0.028571429,0.071428571,0.021428571,0.007142857,0.057142857,0.107142857,0.092857143,0.007142857,0.007142857,0.014285714,0.078571429,0.028571429,0.007142857,0.521428571,0,0.042857143,0.021428571,0.05,0.035714286,0.014285714,0.1,0.321428571,0.914285714,0.157142857,0.035714286,0.021428571,0.2,0,0,0.1,0.042857143,0.064285714,0.25,0.292857143,0.671428571,0.007142857,0.035714286,0.085714286,0.128571429,0.014285714,0.014285714,0.2,0.178571429,0.114285714,0.064285714,0.514285714,0.042857143,0.007142857,0.021428571,0,0.035714286,0.2,0.107142857,0.307142857,0.364285714,0.385714286,0.75,0.05,0.028571429,0.078571429,1.585714286,1.092857143,2.678571429,0.028571429,0.314285714,0.342857143,0.785714286,2.028571429,2.814285714,0.992857143,4.007142857,5,0.4,0.885714286,0.171428571,0.064285714,0.235714286,0.071428571,0.307142857,0.378571429,2.771428571,10.37857143,0,0.414285714,0.807142857,1.221428571,5.171428571,0.142857143,0.228571429,0.371428571,0.05
85,0.269230769,0,0,0,0,0,0,0,0,2.692307692,0.115384615,0.153846154,0,0.038461538,1.307692308,2.423076923,0.423076923,0.076923077,0,0.230769231,0.346153846,1.384615385,0,0.076923077,0.5,0.807692308,0.076923077,0,0.269230769,0.115384615,0,0,0.538461538,0.115384615,0,0.038461538,0.538461538,0.230769231,0.076923077,0.076923077,0.5,0.038461538,0.076923077,0.538461538,1.346153846,0.653846154,0.384615385,0.076923077,0.153846154,0.307692308,0,0,0.230769231,0.615384615,0.076923077,0,1.269230769,0.423076923,0.115384615,0.076923077,0.192307692,0.307692308,0.076923077,0,0,0,0.153846154,0,0,0.038461538,0,0.038461538,1.192307692,0.384615385,0.038461538,0,0,0,1.769230769,0.730769231,2.5,0,0,0,0.961538462,0.307692308,1.269230769,2.846153846,0.115384615,2.961538462,0.384615385,0.307692308,0.692307692,0.5,1.769230769,2.269230769,0.884615385,1.423076923,2.307692308,3.692307692,5.269230769,1.538461538,0.538461538,2.076923077,0.153846154,0.076923077,0.230769231,4.076923077,7.923076923,0,0.807692308,0.461538462,1.269230769,7.884615385,0.769230769,0.307692308,1.076923077,0.346153846
91,0.032258065,0.290322581,0,0,0,0,0,0,0,0.580645161,0,0,0,0,0,0.064516129,0,0,0.032258065,0.032258065,0.290322581,0.161290323,0.032258065,0,0.225806452,0.516129032,0.096774194,0,0,0,0,0.032258065,0,0,0,0,0,0,0,0,0.35483871,0.032258065,0,0.064516129,0.032258065,0,0,0,0.064516129,0.096774194,0,0,0.032258065,0,0,0,0.225806452,0.032258065,0.129032258,0.161290323,0.032258065,0.096774194,0.064516129,0,0.129032258,0,0,0,0.032258065,0,0,0,0.032258065,0,0,0.032258065,0,0,0.032258065,0,0.032258065,0.290322581,0,0.290322581,0,0,0,0.580645161,0,0.580645161,0.032258065,0.032258065,0.064516129,0.387096774,0.258064516,0.64516129,0.35483871,0.516129032,0.870967742,0.290322581,0.35483871,0.225806452,0.032258065,0.258064516,0.129032258,0.193548387,0.322580645,1.387096774,2.483870968,0,0.096774194,0.096774194,0.193548387,2.258064516,0.129032258,0,0.129032258,0
89,0,0,0,0,0,0,0,0,0,0,0,0,0,0,0,0,0,0,0,0,0,0,0,0,0,0,0,0,0,0,0,0,0,0,0,0,0,0,0,0,0,0,0,0,0,0,0,0,0,0,0,0,0,0,0,0,0,0,0,0,0,0,0,0,0,0,0,0,0,0,0,0,0,0,0,0,0,0,0,0,0,0,0,0,0,0,0,0,0,0,0,0,0,0,0,0,0,0,0,0,0,0,0,0,0,0,0,0,0,0,0,0,0,0,0,0,0,0
73,0,0,0,0,0,0.066666667,0,0,0,0,0,0,0,0,0.6,0.6,0,0.066666667,0,0,0.266666667,0.6,0.066666667,0,0.6,1.333333333,0,0.133333333,0,0,0,0,0,0,0,0,0,0,0,0,0.2,0,0,0.066666667,0.066666667,0,0,0.133333333,0.066666667,0.333333333,0,0,0,0,0,0,1.066666667,0.266666667,0,0,0.466666667,0.866666667,0,0,0,0.066666667,0,0,0.133333333,0,0,0,0,0,0.066666667,0,0,0.066666667,0.066666667,0.066666667,0.133333333,0,0,0,0,0,0,0,0,0,0,0.133333333,0.133333333,0.4,0.933333333,1.333333333,0.6,1.466666667,2.066666667,1.133333333,1.6,1.066666667,0.266666667,1.333333333,0,0,0,1.466666667,4.733333333,0,0.466666667,0.866666667,1.333333333,3.133333333,0,0.066666667,0.066666667,0
71,0.266666667,0.133333333,0.066666667,0.333333333,0,0.133333333,0,0,0,0,0,0,0,0.133333333,0.933333333,1.4,0,0.133333333,0,0.2,0.333333333,1.533333333,0,0,1.733333333,3.666666667,0.066666667,0.133333333,0.066666667,0.066666667,0,0,0,0,0,0,0,0,0,0,0.533333333,0.066666667,0.133333333,0,0.066666667,0.066666667,0,0.133333333,0.466666667,0.866666667,0.066666667,0.066666667,0,0,0,0,0.2,0,0.066666667,0.333333333,0.466666667,1.133333333,0.066666667,0,0.066666667,0.066666667,0,0,0.133333333,0,0,0,0.2,0,0.066666667,0,0.066666667,0,0.066666667,0.2,0.266666667,0.466666667,0.066666667,0.533333333,0,0,0,0,0,0,0,0.333333333,0.333333333,0.866666667,2.466666667,3.333333333,1.8,3.8,5.6,0.333333333,0.933333333,0.266666667,0.066666667,0.333333333,0.066666667,0.333333333,0.4,3.8,11.26666667,0,0.533333333,1.133333333,1.666666667,4.6,0.066666667,0.066666667,0.133333333,0.266666667
71,0.266666667,0.066666667,0,0,0,0.133333333,0,0,0,0,0,0,0,0,1.2,2.533333333,0.2,0.066666667,0,0,0.133333333,1.866666667,0.133333333,0.133333333,1.066666667,4.066666667,0.066666667,0.066666667,0,0,0,0,0,0,0,0,0,0,0.133333333,0,0,0,0.066666667,0.2,0,0,0.066666667,0.066666667,0.133333333,1.8,0,0.2,0,0.066666667,0,0,1.266666667,0.6,0,0.133333333,0.2,0.533333333,0,0,0,0.466666667,0.066666667,0.066666667,0.266666667,0.066666667,0.066666667,0,1.2,0,0.066666667,0,0,0.066666667,0.2,0.066666667,0.266666667,0.066666667,0,0.066666667,0,0,0,0,0,0,0.066666667,0.066666667,0.133333333,0.4,4,4.4,1.133333333,4.2,5.333333333,1.533333333,2.266666667,1.266666667,0.6,1.866666667,0,0.133333333,0.133333333,2,10.86666667,0,0.2,0.533333333,0.733333333,3.533333333,0.2,0.533333333,0.733333333,0.133333333
67,0.058823529,0,0,0,0,0,0.117647059,0.058823529,0.058823529,0,0,0,0,0.058823529,0.647058824,0.764705882,0,0,0,0,0.117647059,0.235294118,0,0,0,0.058823529,0,0,0,0,0.058823529,0.235294118,0.588235294,0.823529412,0,0,0,0,0,0,0.294117647,0,0,0,0,0,0,0,0.117647059,0.058823529,0,0,0.176470588,3.882352941,0,0,0,0,0,0,0,0.058823529,0,0,0,0,0,0,0,1.411764706,1.352941176,0.058823529,0.588235294,0.058823529,0,0.058823529,0,0.058823529,0,0,0,0,0,0,0,0,0,0,0,0,0,0,0,0.235294118,0.294117647,0.529411765,0.176470588,3.941176471,4.117647059,0,0,0,0,0,0.058823529,0.235294118,0.294117647,1.058823529,6.352941176,0,0.588235294,0.882352941,1.470588235,1.058823529,0,0,0,0.117647059
82,0.066666667,0.466666667,0.333333333,0.066666667,0.133333333,0,0,0,0,0.6,0.266666667,0.266666667,0.2,0,0.066666667,0,0,0,0,0.2,0.066666667,0.133333333,0,0,0,0.133333333,0,0,0,0,0,0,0.266666667,0.333333333,0,0,0,0,0,0,0,0,0,0,0.066666667,0.066666667,0.066666667,0.066666667,0.2,0.266666667,0,0,0,0.066666667,0,0,0,0,0,0,0,0.066666667,0,0,0,0,0,0,0.066666667,0,0,0,0,0,0.133333333,0,0.2,0,0.066666667,0.066666667,0.133333333,0.533333333,0.466666667,1,0,0,0,0.866666667,0.466666667,1.333333333,0.066666667,0.266666667,0.333333333,0.266666667,0.4,0.666666667,0,0.2,0.2,0.133333333,0.466666667,0,0,0,0,0,0,1.066666667,2.4,0,0.266666667,0.4,0.666666667,2.266666667,0,0,0,0
81,0.36,0,0.08,0.08,0.04,0.08,0,0,0,0.4,0.28,0,0.04,0,0.16,0.84,0.12,0.12,0,0.12,0.4,0.84,0.04,0,0.6,1.76,0,0,0.16,0.12,0,0,0.2,0.44,0,0,0,0,0,0.04,0.04,0,0.04,0.04,0,0,0,0,0.04,0.6,0.08,0,0.16,1.2,0,0,0.52,0.16,0,0,0.08,0.48,0,0,0,0.04,0.04,0,0.04,0,0,0,0.56,0.04,0.08,0,0.12,0,0.12,0.12,0.24,0.08,0.12,0.2,0.04,0,0.04,0.4,0.32,0.72,0,0.12,0.12,0.56,1.44,2,0.76,2.96,3.72,0.8,1.32,0.68,0.28,0.96,0,0,0,1.72,7.04,0,0.28,0.92,1.2,3.2,0.04,0.08,0.12,0
93,0.068965517,0.24137931,0,0.034482759,0,0,0.137931034,0.034482759,0.103448276,9.137931034,1.827586207,0.172413793,0.034482759,0,0.724137931,0.517241379,0,0.034482759,0,0,0.103448276,0.379310345,0,0,0.413793103,1.137931034,0,0,0,0,0,0,0.068965517,0.034482759,0,0,0,0,0,0,0.172413793,0.068965517,0,0.034482759,0.206896552,0.206896552,0,0,0.275862069,0.724137931,0.103448276,0,0.310344828,0.586206897,0,0,0.310344828,0,0.103448276,0.310344828,0.310344828,0.655172414,0,0,0.172413793,0.24137931,0.034482759,0.103448276,0.172413793,0.103448276,0.068965517,0.034482759,0.24137931,0.24137931,0,0.034482759,0,0.034482759,0.206896552,0.24137931,0.448275862,0.275862069,0,0.275862069,0,0,0,9.310344828,1.862068966,11.17241379,0,0,0,0.482758621,1.103448276,1.586206897,0.724137931,1.724137931,2.448275862,0.517241379,0.75862069,0.310344828,0,0.310344828,0.103448276,0.310344828,0.413793103,2.172413793,6.344827586,0,0.379310345,0.689655172,1.068965517,12.20689655,0.206896552,0.344827586,0.551724138,0.137931034
87,0.142857143,0.373626374,0.065934066,0.21978022,0.032967033,0,0.076923077,0.054945055,0.021978022,1.142857143,0.285714286,0.142857143,0.010989011,0,0.32967033,0.824175824,0.142857143,0.032967033,0,0.054945055,0.285714286,0.714285714,0.010989011,0.021978022,0.43956044,1.197802198,0.054945055,0.098901099,0.120879121,0.032967033,0,0,0,0,0,0,0,0,0,0,0.637362637,0.043956044,0.021978022,0.065934066,0.153846154,0.032967033,0.010989011,0.131868132,0.296703297,0.527472527,0.010989011,0.032967033,0,0.010989011,0,0,0.571428571,0.252747253,0.010989011,0.153846154,0.230769231,0.417582418,0.010989011,0.021978022,0.076923077,0.087912088,0,0,0.054945055,0.131868132,0.120879121,0.010989011,0.351648352,0.054945055,0.010989011,0.032967033,0.010989011,0.010989011,0.296703297,0.065934066,0.362637363,0.593406593,0.098901099,0.692307692,0.021978022,0.021978022,0.043956044,1.285714286,0.296703297,1.582417582,0.010989011,0.186813187,0.197802198,0.604395604,1.296703297,1.901098901,0.494505495,1.307692308,1.802197802,1,1.538461538,0.692307692,0.285714286,0.978021978,0.010989011,0.153846154,0.164835165,2.021978022,5.406593407,0,0.241758242,0.43956044,0.681318681,4.813186813,0.076923077,0.087912088,0.164835165,0.076923077
95,0.302158273,0.237410072,0.136690647,0.956834532,0.09352518,0.021582734,0.035971223,0.007194245,0.028776978,0.654676259,0.251798561,0.633093525,0.064748201,0.014388489,0.604316547,0.54676259,0.035971223,0,0,0.021582734,0.244604317,0.496402878,0.028776978,0,0.769784173,1.899280576,0.064748201,0.043165468,0.035971223,0.021582734,0.007194245,0.014388489,0.021582734,0.035971223,0.007194245,0.007194245,0.007194245,0.021582734,0.007194245,0,0.388489209,0.050359712,0.043165468,0.057553957,0.201438849,0.179856115,0.014388489,0.057553957,0.237410072,0.395683453,0.165467626,0.028776978,0.18705036,0.26618705,0.007194245,0,0.165467626,0.071942446,0.007194245,0.086330935,0.309352518,0.553956835,0.028776978,0.035971223,0.071942446,0.057553957,0.064748201,0.028776978,0.071942446,0.115107914,0.09352518,0.021582734,0.467625899,0.007194245,0,0,0,0.028776978,0.237410072,0.179856115,0.417266187,1.194244604,0.230215827,1.424460432,0.050359712,0.014388489,0.064748201,1.287769784,0.316546763,1.604316547,0.014388489,0.079136691,0.09352518,0.676258993,0.920863309,1.597122302,1.028776978,2.208633094,3.237410072,0.45323741,0.805755396,0.201438849,0.09352518,0.294964029,0.014388489,0.100719424,0.115107914,3.431654676,7.633093525,0,0.366906475,0.633093525,1,5.769784173,0.151079137,0.107913669,0.258992806,0.100719424
63,0.338028169,0.042253521,0.028169014,0.507042254,0.211267606,0.028169014,0.014084507,0.014084507,0,0.14084507,0.098591549,0.056338028,0.014084507,0.014084507,0.422535211,0.338028169,0,0,0,0.014084507,0,0.211267606,0,0,0.056338028,1.408450704,0.014084507,0.070422535,0,0.014084507,0,0,0,0,0,0,0,0.014084507,0,0,0.323943662,0,0,0.014084507,0.028169014,0.014084507,0,0.014084507,0.098591549,0.267605634,0,0.042253521,0,0,0,0,0.14084507,0,0,0.098591549,0.126760563,0.154929577,0.014084507,0.014084507,0.084507042,0.070422535,0,0.014084507,0.126760563,0.042253521,0.028169014,0.014084507,0.070422535,0.056338028,0.028169014,0.028169014,0.056338028,0.014084507,0.028169014,0.014084507,0.042253521,0.549295775,0.23943662,0.788732394,0,0,0,0.197183099,0.112676056,0.309859155,0,0.028169014,0.028169014,0.098591549,0.521126761,0.61971831,0.070422535,1.478873239,1.549295775,0.169014085,0.225352113,0.14084507,0.014084507,0.154929577,0,0.098591549,0.098591549,0.943661972,3.549295775,0,0.14084507,0.169014085,0.309859155,1.957746479,0.084507042,0.098591549,0.183098592,0.070422535
85,0.533333333,0.2,0.066666667,0.533333333,0,0,0,0,0,0.2,0,0,0,0.066666667,0.266666667,1.666666667,0,0,0,0,0.8,0.733333333,0.066666667,0,0.4,0.4,0.133333333,0.066666667,0.066666667,0,0,0.066666667,0.066666667,0,0,0,0,0,0,0,0.466666667,0.2,0.2,0.066666667,0,0,0,0,0.866666667,0.4,0.133333333,0,0.133333333,0.066666667,0,0,1.4,0.4,0.4,0.4,0.533333333,0.133333333,0,0,0.533333333,0.133333333,0.133333333,0,0,0,0,0,0.933333333,0,0,0.066666667,0,0.066666667,0,0,0,0.733333333,0.066666667,0.8,0,0,0,0.2,0,0.2,0,0,0,1.866666667,1.133333333,3,0.666666667,0.533333333,1.2,1.466666667,1.866666667,1.466666667,0.4,1.866666667,0.4,0.466666667,0.866666667,4.933333333,7.4,0,0.6,0.133333333,0.733333333,6.666666667,0.666666667,0.133333333,0.8,0.533333333
75,0.133333333,0.133333333,0.066666667,0.2,0.033333333,0,0,0,0,0.466666667,0.066666667,0.1,0,0,0.133333333,0.066666667,0,0.033333333,0,0,0.1,0.1,0.033333333,0,0.166666667,0.2,0,0,0,0,0,0,0.066666667,0,0,0,0,0,0,0,0.4,0,0,0,0.066666667,0.066666667,0,0.033333333,0,0.133333333,0,0,0,0,0,0,0.2,0,0,0.033333333,0.133333333,0.033333333,0,0,0.033333333,0,0,0,0,0.133333333,0.133333333,0,0.1,0,0,0.033333333,0,0,0.066666667,0.1,0.166666667,0.333333333,0.1,0.433333333,0,0,0,0.566666667,0.066666667,0.633333333,0,0.033333333,0.033333333,0.133333333,0.233333333,0.366666667,0.166666667,0.2,0.366666667,0.266666667,0.4,0.2,0,0.2,0,0.033333333,0.033333333,0.866666667,1.466666667,0,0.2,0.033333333,0.233333333,2,0.033333333,0,0.033333333,0
81,0.16,0.4,0.16,0.04,0.04,0.04,0.08,0.08,0,0.44,0.16,0.12,0,0.08,0.52,1.32,0.04,0.08,0,0,0.24,0.6,0.04,0,0,0,0,0,0.64,0.36,0.04,0.16,0.12,0.24,0,0,0.04,0.16,0,0,0.24,0.04,0,0,0.04,0.16,0,0.04,0.28,0.4,0.12,0.04,0.64,1.76,0,0.04,0.08,0.08,0,0,0.04,0,0,0,0,0.12,0.08,0,0.08,0.08,0.08,0,0.32,0,0.08,0,0,0,0.08,0.24,0.32,0.44,0.2,0.64,0.08,0,0.08,0.56,0.16,0.72,0,0.04,0.04,0.68,1.04,1.72,0.64,1.8,2.44,0.8,1.52,0.72,0.44,1.16,0.04,0.16,0.2,2.08,5.8,0,0.16,0.24,0.4,4,0.12,0.28,0.4,0.08
72,0.16,0.68,0.24,0.12,0,0,0,0,0,0.48,0.16,0,0,0,0.84,0.2,0,0,0,0,0.16,0.2,0,0,0,0.16,0,0.04,0.08,0,0.12,0.08,0.4,0.32,0,0,0,0,0,0,0.76,0,0.04,0.04,0.08,0.2,0,0,0.56,1.24,0,0.04,0.56,1.4,0.12,0.2,0.16,0.2,0,0.04,0,0,0.04,0,0,0,0,0,0,0,0,0,0.08,0.04,0,0,0,0,0.08,0.2,0.28,0.8,0.24,1.04,0.08,0,0.08,0.48,0.16,0.64,0,0,0,0.72,1.48,2.2,0.68,1.8,2.48,0.32,0.72,0.24,0.2,0.44,0.12,0.12,0.24,2.76,6.72,0,0.44,0.32,0.76,4.48,0,0,0,0.04
81,0.12962963,0.037037037,0,0,0,0,0.018518519,0,0.018518519,0.092592593,0.055555556,0,0,0.018518519,0.425925926,0.277777778,0.203703704,0,0.018518519,0.018518519,0.074074074,0.222222222,0,0.018518519,0.037037037,0.203703704,0.018518519,0,0.074074074,0,0.018518519,0,0.148148148,0.111111111,0.092592593,0,0,0,0,0,0.314814815,0.018518519,0.018518519,0,0.12962963,0.018518519,0.018518519,0.055555556,0.296296296,0.185185185,0,0.018518519,0.425925926,1.333333333,0.018518519,0.018518519,0.518518519,0.12962963,0,0.018518519,0.018518519,0.055555556,0,0,0.037037037,0,0,0,0,0.185185185,0.185185185,0,0.259259259,0,0,0,0,0,0.333333333,0.018518519,0.351851852,0.037037037,0,0.037037037,0.074074074,0.074074074,0.148148148,0.092592593,0.055555556,0.148148148,0.037037037,0.074074074,0.111111111,0.37037037,0.444444444,0.814814815,0.5,1.555555556,2.055555556,0.962962963,1.185185185,0.592592593,0.12962963,0.722222222,0.018518519,0.018518519,0.037037037,1.222222222,3.407407407,0,0.259259259,0.166666667,0.425925926,2.62962963,0.037037037,0,0.037037037,0.055555556
87,0.068181818,0.386363636,0.159090909,0.090909091,0,0,0,0,0,1.045454545,0.681818182,0,0,0.022727273,0.886363636,0.931818182,0.340909091,0.045454545,0.068181818,0.159090909,0.386363636,1.204545455,0.022727273,0,0.522727273,0.840909091,0,0,0.386363636,0.068181818,0,0.045454545,0.045454545,0.136363636,0,0,0,0.045454545,0,0,0.659090909,0,0.022727273,0,0.227272727,0.159090909,0.136363636,0.454545455,0.477272727,0.75,0,0.022727273,0.295454545,0.636363636,0,0,1.136363636,0.340909091,0.045454545,0.045454545,0.25,0.636363636,0,0,0.022727273,0.045454545,0,0,0.090909091,0.045454545,0.022727273,0.022727273,0.477272727,0.068181818,0.068181818,0,0,0,0.568181818,0.204545455,0.772727273,0.477272727,0.159090909,0.636363636,0.136363636,0.090909091,0.227272727,1.045454545,0.681818182,1.727272727,0.204545455,0.613636364,0.818181818,0.886363636,1.977272727,2.863636364,0.818181818,1.477272727,2.295454545,2.295454545,3.522727273,1.522727273,0.409090909,1.931818182,0.045454545,0.090909091,0.136363636,2.545454545,7.25,0,0.295454545,0.772727273,1.068181818,6.295454545,0.022727273,0.090909091,0.113636364,0.022727273
72,0.72,0,0,0,0,0,0,0,0,0.12,0.04,0,0,0.08,0.76,1,0.04,0,0,0,0.44,1.4,0.04,0,0.4,1.44,0.04,0.08,0,0,0,0,0.08,0,0,0,0,0.04,0,0,1.28,0,0,0.04,0.24,0.08,0,0.08,0.32,0.48,0.04,0,0,0.04,0,0,0.52,0.08,0,0,0.28,0.56,0.04,0,0.08,0.08,0.04,0,0.32,0,0,0,0.56,0,0.04,0.04,0,0.04,0.28,0.08,0.36,0,0,0,0,0.04,0.04,0.12,0.04,0.16,0,0.08,0.08,0.84,1.88,2.72,0.44,1.56,2,0.8,1.04,0.52,0.08,0.6,0,0,0,1.8,5.92,0,0.4,0.56,0.96,2.72,0.12,0.12,0.24,0.08
84,0.133333333,0.033333333,0.033333333,0,0,0,0.033333333,0,0.033333333,0.066666667,0,0,0,0,0.5,0.233333333,0.266666667,0.066666667,0.066666667,0.833333333,0.8,0.566666667,0.266666667,0.033333333,0,0.033333333,0,0,0.233333333,0.133333333,0.033333333,0,0.866666667,0.533333333,0.133333333,0.133333333,0.2,0.266666667,0.166666667,0.1,0.6,0.033333333,0.033333333,0.033333333,0,0,0.033333333,0.066666667,0.2,0.633333333,0,0,0.9,2,0.133333333,0.166666667,0.633333333,0.333333333,0,0,0,0,0,0,0,0.033333333,0,0,0.233333333,0,0,0,0.3,0,0,0,0,0,0.266666667,0.066666667,0.333333333,0.033333333,0.033333333,0.066666667,0.033333333,0.166666667,0.2,0.066666667,0,0.066666667,0.1,0.9,1,1.266666667,1.233333333,2.5,1.033333333,2.2,3.233333333,1.233333333,2.666666667,0.866666667,0.466666667,1.333333333,0.033333333,0,0.033333333,3.733333333,8.266666667,0,1,0.666666667,1.666666667,5.133333333,0.366666667,0.4,0.766666667,0
70,0,0,0,0,0,0,0,0,0,0,0,0,0,0,0.933333333,0.666666667,0.066666667,0.066666667,0,0.133333333,0.2,0.666666667,0,0.066666667,0,1.866666667,0,0,1,0.866666667,0,0,0,0,0,0.066666667,0,0.066666667,0,0,0.733333333,0,0,0,0.066666667,0.2,0,0.4,0,0.533333333,0,0,0,0,0,0,0,0,0,0.2,0.266666667,1,0.066666667,0.533333333,0,0.066666667,0,0,0,0.333333333,0.333333333,0,0.8,0,0,0.066666667,0,0.066666667,0.133333333,0.266666667,0.4,0,0,0,0,0,0,0,0,0,0,0.533333333,0.533333333,0.2,1.266666667,1.466666667,0,1.866666667,1.866666667,1.133333333,2.8,1,0.866666667,1.866666667,0,0.2,0.2,0.533333333,5.6,0,0.333333333,1.6,1.933333333,1.666666667,0,0.133333333,0.133333333,0.266666667
77,0.666666667,0.133333333,0.066666667,0,0,0,0.133333333,0,0.133333333,1.266666667,1.4,1.133333333,0.2,0.2,0.333333333,0.4,0,0,0,0,0,0.466666667,0,0,0.133333333,1,0,0,0.133333333,0.133333333,0,0,0,0,0,0.066666667,0,0,0,0,0.933333333,0,0,0.066666667,0,0,0,0,0.266666667,0.666666667,0.066666667,0,0,0.066666667,0,0,0.2,0.133333333,0,0.066666667,0,0.066666667,0,0,0,0.2,0,0,0,0,0,0,0.066666667,0,0,0,0,0.066666667,0,0,0,0.133333333,0.066666667,0.2,0,0.133333333,0.133333333,2.4,1.6,4,0,0,0,0.333333333,1.133333333,1.466666667,0.133333333,1.066666667,1.2,0.333333333,0.6,0.333333333,0.266666667,0.6,0,0.066666667,0.066666667,0.6,3.266666667,0,0,0.133333333,0.133333333,3.733333333,0,0.2,0.2,0
85,0.22,0.06,0.006666667,0.006666667,0,0.013333333,0.013333333,0.006666667,0.006666667,0.24,0.08,0.013333333,0,0.04,1.053333333,0.92,0.006666667,0.04,0.013333333,0.08,0.32,0.753333333,0.126666667,0.053333333,1.22,3.24,0.1,0.1,0.2,0.14,0,0,0.046666667,0.1,0,0.013333333,0.026666667,0.073333333,0.053333333,0.02,1.38,0.013333333,0.046666667,0.033333333,0.166666667,0.126666667,0.04,0.08,0.286666667,0.686666667,0.36,0.14,0.093333333,0.32,0.02,0.033333333,0.5,0.293333333,0,0.013333333,0.493333333,0.746666667,0.12,0.08,0.12,0.133333333,0.006666667,0.006666667,0.186666667,0.013333333,0.013333333,0,0.206666667,0.013333333,0.006666667,0,0.006666667,0,0.173333333,0.166666667,0.34,0.066666667,0.006666667,0.073333333,0.153333333,0.04,0.193333333,0.253333333,0.08,0.333333333,0.053333333,0.16,0.213333333,1.093333333,1.633333333,2.726666667,1.433333333,3.693333333,5.126666667,0.926666667,1.686666667,0.7,0.433333333,1.133333333,0,0.013333333,0.013333333,3.46,10,0,0.66,0.94,1.6,5.226666667,0.206666667,0.233333333,0.44,0.026666667
62,0.533333333,0,0.133333333,0.066666667,0,0,0,0,0,0,0,0,0,0.2,1.6,1.4,0,0,0,0.066666667,0.266666667,1.733333333,0,0,0.4,3.133333333,0.066666667,0,0,0,0.066666667,0,0,0.066666667,0,0,0,0,0,0,1,0,0,0.066666667,0.133333333,0.133333333,0,0,0.533333333,1.133333333,0,0.066666667,0,0.066666667,0,0,0.2,0.066666667,0,0.066666667,0.266666667,0.733333333,0,0.066666667,0,0.066666667,0,0,0,0.133333333,0.133333333,0,1.2,0,0.066666667,0,0,0,0.133333333,0.133333333,0.266666667,0.066666667,0.133333333,0.2,0.066666667,0.066666667,0.133333333,0,0,0,0,0.066666667,0.066666667,0.8,2.933333333,3.733333333,0.466666667,3.2,3.666666667,0.333333333,0.6,0.2,0.066666667,0.266666667,0.066666667,0.066666667,0.133333333,1.666666667,8.933333333,0,0.266666667,0.866666667,1.133333333,2.133333333,0,0.066666667,0.066666667,0.466666667
65,0.08,0,0.04,0.04,0,0,0.12,0.08,0.04,0.08,0.04,0,0,0.04,1.08,1.8,0.16,0.12,0,0,0.48,0.88,0.12,0,0.44,3.44,0,0.08,0.16,0.08,0,0,0,0,0,0,0,0.04,0,0,0,0,0,0,0.16,0.2,0,0.16,0.6,1.56,0.04,0.04,0,0.04,0,0,0.56,0.08,0,0.04,0.12,0.84,0.12,0.04,0,0.08,0,0,0,0.64,0.64,0,0.6,0,0,0,0,0.04,0.32,0.32,0.64,0.04,0.04,0.08,0,0.04,0.04,0.08,0.04,0.12,0,0.16,0.16,1.24,2.48,3.72,0.44,3.56,4,1.04,1.68,0.72,0.16,0.88,0,0.04,0.04,2,9.24,0.04,0.24,0.88,1.12,3.72,0,0.12,0.12,0.32
93,0.12173913,0.017391304,0,0,0,0,0,0,0,0.008695652,0.008695652,0,0,0.034782609,0.234782609,0.373913043,0.008695652,0.034782609,0,0.043478261,0.286956522,0.582608696,0.060869565,0.017391304,0.434782609,0.695652174,0.008695652,0,0.843478261,0.330434783,0.008695652,0.008695652,0,0.008695652,0,0,0,0.008695652,0.008695652,0,0.373913043,0,0,0,0.034782609,0,0.008695652,0.008695652,0.27826087,0.417391304,0.043478261,0.034782609,0,0,0,0,0.252173913,0.069565217,0.017391304,0.043478261,0.043478261,0.165217391,0.026086957,0.026086957,0.008695652,0.026086957,0,0,0,0.086956522,0.086956522,0,0.113043478,0,0,0.017391304,0,0.017391304,0.043478261,0.034782609,0.07826087,0.017391304,0,0.017391304,0.026086957,0,0.026086957,0.008695652,0.008695652,0.017391304,0.008695652,0.052173913,0.060869565,0.669565217,1.052173913,1.72173913,0.443478261,0.695652174,1.139130435,1.147826087,1.634782609,1.095652174,0.4,1.495652174,0.026086957,0.052173913,0.07826087,1.243478261,3.286956522,0,0.069565217,0.2,0.269565217,2.434782609,0.017391304,0.034782609,0.052173913,0.069565217
80,0.28,0,0.04,0,0,0.04,0,0,0,0,0,0,0,0.08,3.08,3.6,0,0,0,0,0.44,1.16,0,0,1.76,2.72,0.24,0.08,0,0,0,0.12,0,0,0,0,0,0,0,0.04,1.52,0,0,0,0.2,0.16,0,0.12,0.28,1.12,0,0,0,0.04,0,0,0.56,0.32,0.04,0.24,0.36,0.6,0,0,0.04,0.16,0,0,0,0.04,0.04,0,2,0,0,0,0,0.16,0.2,0.16,0.36,0,0.04,0.04,0.2,0.2,0.4,0,0,0,0,0.12,0.12,0.72,2.28,3,2,2.84,4.84,0.76,1.36,0.56,0.32,0.88,0.04,0.36,0.4,3.2,9.56,0.04,0.36,0.6,0.96,4.32,0.04,0.2,0.24,0.56
76,0,0,0,0,0,0,0,0,0,0,0,0,0,0,0,0,0,0,0,0,0,0,0,0,0,0,0,0,0,0,0,0,0,0,0,0,0,0,0,0,0,0,0,0,0,0,0,0,0,0,0,0,0,0,0,0,0,0,0,0,0,0,0,0,0,0,0,0,0,0,0,0,0,0,0,0,0,0,0,0,0,0,0,0,0,0,0,0,0,0,0,0,0,0,0,0,0,0,0,0,0,0,0,0,0,0,0,0,0,0,0,0,0,0,0,0,0,0
75,0.32,0.1,0,0.02,0,0,0,0,0,2.68,0.26,0.22,0,0.04,0.22,0.16,0.16,0.04,0.04,0.04,0.04,0.08,0,0,0.04,0.68,0,0.02,0.78,0.18,0,0,0.02,0,0,0,0,0,0,0,0.72,0.04,0,0.32,0.26,0.08,0.04,0.2,0.16,0.22,0,0,0.04,0.28,0,0,0.24,0.16,0.06,0.2,0.02,0.22,0,0,0,0.02,0,0,0.06,0,0,0,0.2,0.06,0.1,0.1,0.02,0.1,0.42,0.12,0.54,0.12,0,0.12,0.64,0.16,0.8,2.9,0.26,3.16,0.08,0.24,0.32,0.2,0.3,0.5,0.08,0.98,1.06,1.52,2.22,1.02,0.34,1.36,0.06,0.2,0.26,0.56,2.28,0.06,0.04,0.22,0.26,5.78,0,0.02,0.02,0.08
86.5,0.590909091,0.181818182,0.090909091,0.090909091,0,0,0,0,0,0.75,0.136363636,0,0,0.022727273,0.522727273,0.204545455,0.363636364,0.159090909,0.022727273,0.318181818,0.181818182,0.431818182,0.045454545,0.068181818,0.068181818,0.204545455,0,0,0.5,0.159090909,0,0,0.704545455,1.431818182,0.318181818,0.227272727,0,0,0,0,0.954545455,0.136363636,0.068181818,0.022727273,0,0,0,0,0.909090909,1.159090909,0.045454545,0,0.795454545,2.5,0.045454545,0.022727273,0.113636364,0.068181818,0.022727273,0.068181818,0.090909091,0.068181818,0,0,0.159090909,0.113636364,0.090909091,0,0.227272727,0,0,0,0.045454545,0,0.068181818,0,0.136363636,0,0.363636364,0.159090909,0.522727273,0.272727273,0.090909091,0.363636364,0,0,0,0.75,0.136363636,0.886363636,0.022727273,0.318181818,0.340909091,1.181818182,1.659090909,2.840909091,0.909090909,2.727272727,3.636363636,1,1.704545455,0.613636364,0.227272727,0.840909091,0.022727273,0.068181818,0.090909091,3.75,10.13636364,0,1.113636364,1.727272727,2.840909091,6.340909091,0.25,0.113636364,0.363636364,0
62,0.666666667,0.133333333,0.066666667,0,0,0,0.066666667,0,0.066666667,0.666666667,0.2,0,0,0,0.466666667,1.333333333,0.133333333,0,0,0,0.666666667,0.666666667,0,0.066666667,0.133333333,0.333333333,0,0,0.133333333,0.133333333,0,0,0,0,0,0,0,0,0,0.066666667,0.933333333,0,0,0,0,0,0.066666667,0,0.066666667,0.933333333,0,0.133333333,0,0,0,0,0.333333333,0,0.066666667,0,0.066666667,0.066666667,0.066666667,0.066666667,0,0,0,0,0,0.466666667,0.2,0.266666667,1.533333333,0,0,0,0,0,0.133333333,0,0.133333333,0.133333333,0.066666667,0.2,0,0.066666667,0.066666667,0.666666667,0.2,0.866666667,0.066666667,0,0.066666667,0.733333333,1.8,2.533333333,0.133333333,0.333333333,0.466666667,0.666666667,0.8,0.466666667,0.133333333,0.6,0.066666667,0,0.066666667,1.2,3.6,0,0.133333333,0.133333333,0.266666667,2.6,0,0.066666667,0.066666667,0.333333333
88,0.256,0.056,0.016,0.008,0,0.032,0.008,0,0.008,1.12,0.32,0.136,0.008,0.04,0.72,0.776,0.072,0.048,0.088,0.248,0.76,1.184,0.144,0.048,1.352,2.32,0.016,0.064,0.024,0.008,0.032,0.104,0,0,0,0.008,0.104,0.144,0.072,0.008,0.592,0.024,0.048,0.128,0.008,0,0.008,0.024,0.088,0.224,0.04,0.016,0,0.008,0,0,0.208,0.032,0.104,0.144,0.304,0.696,0.016,0.016,0.016,0,0.008,0.008,0.096,0.024,0.016,0.008,0.248,0.032,0,0.024,0.024,0.024,0.08,0.048,0.128,0.064,0.016,0.08,0.064,0.04,0.104,1.256,0.328,1.584,0.096,0.272,0.368,1.032,1.472,2.504,1.368,2.392,3.76,0.408,0.768,0.232,0.04,0.272,0.136,0.248,0.384,3.128,8.144,0.008,0.32,0.72,1.04,5.032,0.2,0.16,0.36,0.12
82,0,0.2,0,0,0,0,0.066666667,0.066666667,0,1.8,0.333333333,0,0,0.066666667,0.466666667,0.133333333,0.066666667,0,0,0,0,0,0,0,0,0.133333333,0.066666667,0,0.133333333,0.066666667,0,0,0,0.066666667,0,0,0,0.066666667,0,0,0.066666667,0,0,0.133333333,0.133333333,0.066666667,0,0.066666667,0.133333333,0.133333333,0,0,0.066666667,0.266666667,0,0,0,0.066666667,0,0,0,0.2,0,0,0,0.066666667,0,0,0,0.266666667,0.2,0.066666667,0.2,0,0,0.066666667,0,0.066666667,0.2,0.066666667,0.266666667,0.2,0,0.2,0,0,0,1.8,0.333333333,2.133333333,0,0.066666667,0.066666667,0.133333333,0.133333333,0.266666667,0.133333333,0.4,0.533333333,0.333333333,0.6,0.133333333,0.133333333,0.266666667,0,0,0,0.466666667,1.466666667,0,0,0.266666667,0.266666667,2.8,0,0.133333333,0.133333333,0.533333333
82,0.206896552,0.206896552,0.034482759,0,0,0,0,0,0,0.206896552,0.068965517,0,0,0.24137931,1.413793103,2.24137931,0.068965517,0.034482759,0.034482759,0.206896552,0.310344828,0.896551724,0.034482759,0.034482759,1.103448276,4.310344828,0.068965517,0.344827586,0.517241379,0.310344828,0,0.034482759,0,0,0.034482759,0,0,0,0,0,0.172413793,0,0.034482759,0.034482759,0.034482759,0,0.034482759,0.034482759,0.24137931,0.310344828,0,0,0,0.034482759,0,0,0.620689655,0.310344828,0.068965517,0.344827586,0.413793103,0.724137931,0,0.034482759,0.103448276,0.034482759,0,0,0.034482759,0.034482759,0.034482759,0,0.448275862,0,0,0.034482759,0,0,0.103448276,0.034482759,0.137931034,0.206896552,0.034482759,0.24137931,0,0.034482759,0.034482759,0.206896552,0.068965517,0.275862069,0.068965517,0.24137931,0.310344828,0.586206897,1.24137931,1.827586207,1.172413793,4.689655172,5.862068966,1.310344828,2.206896552,1.137931034,0.620689655,1.75862069,0.068965517,0.379310345,0.448275862,2.586206897,9.724137931,0,0.448275862,0.75862069,1.206896552,4.103448276,0.103448276,0.034482759,0.137931034,0.206896552
79,0.133333333,0,0,0,0,0,0.033333333,0,0.033333333,1.7,0.3,0.533333333,0,0.033333333,0.3,0.666666667,0,0,0,0,0.3,0.233333333,0.033333333,0,0.233333333,0.433333333,0,0,0,0,0,0,0,0,0,0,0,0,0,0,0.066666667,0,0,0.066666667,0.033333333,0.033333333,0,0.1,0,0.133333333,0,0,0,0,0,0,0.133333333,0,0.066666667,0.066666667,0.133333333,0.066666667,0,0,0.033333333,0,0,0,0,0.266666667,0.166666667,0.1,0.166666667,0.1,0,0,0,0,0.033333333,0.033333333,0.066666667,0,0,0,0.066666667,0,0.066666667,2.233333333,0.3,2.533333333,0,0.1,0.1,0.333333333,0.366666667,0.7,0.233333333,0.433333333,0.666666667,0.166666667,0.3,0.133333333,0,0.133333333,0.066666667,0.066666667,0.133333333,0.833333333,1.9,0.033333333,0.133333333,0.066666667,0.2,3.733333333,0.033333333,0,0.033333333,0.066666667
89,0.141509434,0.009433962,0,0.009433962,0,0.018867925,0.028301887,0.028301887,0,0.858490566,0.122641509,0.056603774,0,0.037735849,1.056603774,1.056603774,0.188679245,0.018867925,0.028301887,0.066037736,0.424528302,0.405660377,0.094339623,0.009433962,0.764150943,0.716981132,0.08490566,0.018867925,0.018867925,0.028301887,0.018867925,0.028301887,0.009433962,0.009433962,0,0,0.047169811,0.094339623,0.009433962,0,0.481132075,0.075471698,0.018867925,0.254716981,0.132075472,0.037735849,0,0.028301887,0.264150943,0.264150943,0.103773585,0.018867925,0.047169811,0.066037736,0,0,0.330188679,0.141509434,0.150943396,0.20754717,0.264150943,0.311320755,0.009433962,0.009433962,0.122641509,0.066037736,0.028301887,0,0.066037736,0.056603774,0.037735849,0.018867925,0.29245283,0.075471698,0.018867925,0.009433962,0.037735849,0.047169811,0.320754717,0.056603774,0.377358491,0.018867925,0,0.018867925,0.537735849,0.150943396,0.688679245,0.91509434,0.122641509,1.037735849,0.028301887,0.094339623,0.122641509,0.886792453,0.698113208,1.58490566,0.896226415,0.801886792,1.698113208,0.698113208,1.018867925,0.349056604,0.169811321,0.518867925,0.169811321,0.235849057,0.405660377,2.462264151,4.698113208,0,0.283018868,0.330188679,0.613207547,4.820754717,0.20754717,0.160377358,0.367924528,0.150943396
71,0.333333333,1.6,0.333333333,0,0,0.066666667,0,0,0,0.733333333,0.4,0.2,0,0.066666667,0.266666667,0.266666667,0.133333333,0.066666667,0,0.333333333,0.066666667,0.4,0.066666667,0,0.466666667,0.466666667,0,0.066666667,0.133333333,0,0,0,0,0,0,0.066666667,0,0.133333333,0,0,0.666666667,0,0,0,0.133333333,0,0,0.133333333,0.066666667,0.533333333,0,0.066666667,0,0,0,0,1.133333333,0.133333333,0.066666667,0.066666667,0.266666667,0.466666667,0,0.066666667,0,0.133333333,0,0,0.066666667,0,0,0,0.2,0,0.066666667,0,0,0,0.266666667,0.066666667,0.333333333,1.6,0.333333333,1.933333333,0,0,0,0.933333333,0.4,1.333333333,0,0.466666667,0.466666667,0.2,1,1.2,0.466666667,0.533333333,1,1.533333333,2.2,1.266666667,0.133333333,1.4,0.066666667,0.066666667,0.133333333,2.6,5.4,0,0.266666667,0.6,0.866666667,5.133333333,0,0.266666667,0.266666667,0.066666667
77,0.133333333,0,0,0,0,0,0.133333333,0.133333333,0,0,0,0,0,0,0.933333333,1.6,0.266666667,0,0,0,0.266666667,0.6,0.066666667,0.066666667,1.333333333,2.266666667,0,0,0.2,0.133333333,0,0,0,0.066666667,0,0,0,0.066666667,0,0,0.133333333,0,0,0,0,0.4,0.066666667,0.533333333,0.533333333,0.8,0.066666667,0,0,0.066666667,0,0,0.2,0.066666667,0.6,1.133333333,0.2,0.666666667,0,0,0.066666667,0.066666667,0.133333333,0,0,0.2,0.133333333,0.066666667,0.133333333,0,0,0.066666667,0,0,0.266666667,0.4,0.666666667,0,0,0,0,0,0,0,0,0,0.066666667,0.533333333,0.6,0.933333333,1.466666667,2.4,1.333333333,2.333333333,3.666666667,0.733333333,1.866666667,0.4,0.2,0.6,0.6,1.133333333,1.733333333,3.266666667,9.066666667,0,0.2,0.733333333,0.933333333,4.6,0.2,0.133333333,0.333333333,0.333333333
80,0,0.666666667,0.102564103,0.153846154,0,0.025641026,0.025641026,0,0.025641026,0.794871795,0.102564103,0.794871795,0.025641026,0.025641026,0.205128205,0.102564103,0,0.025641026,0,0.025641026,0.025641026,0.076923077,0,0,1.358974359,1.333333333,0,0,0.051282051,0,0,0,0,0,0,0,0,0,0,0,0.153846154,0,0.025641026,0.025641026,0.076923077,0.102564103,0.025641026,0,0.076923077,0.076923077,0,0,0,0,0,0,0.102564103,0.025641026,0,0.025641026,0.358974359,0.282051282,0,0,0.025641026,0,0,0,0.025641026,0.076923077,0.051282051,0.025641026,0.076923077,0.051282051,0,0,0,0.025641026,0.076923077,0.128205128,0.205128205,0.820512821,0.102564103,0.923076923,0,0,0,1.58974359,0.128205128,1.717948718,0.025641026,0.025641026,0.051282051,0.102564103,0.153846154,0.256410256,1.358974359,1.333333333,2.692307692,0.256410256,0.435897436,0.153846154,0.025641026,0.179487179,0,0.025641026,0.025641026,2.666666667,4.564102564,0,0.358974359,0.282051282,0.641025641,5.128205128,0.025641026,0,0.025641026,0.025641026